sex,length_mm,diameter_mm,height_mm,whole_weight_gm,shell_weight_gm,rings
M,91,73,19,102.8,30,15
M,70,53,18,45.1,14,7
F,106,84,27,135.4,42,9
M,88,73,25,103.2,31,10
I,66,51,16,41,11,7
I,85,60,19,70.3,24,8
F,106,83,30,155.5,66,20
F,109,85,25,153.6,52,16
M,95,74,25,101.9,33,9
F,110,88,30,178.9,64,19
F,105,76,28,121.3,42,14
M,86,70,22,81.2,27,10
M,98,76,27,108.3,38,11
F,107,81,29,136.9,41,10
F,94,71,20,95.1,37,10
M,100,80,26,132.9,48,12
I,71,56,17,58.1,23,7
F,88,68,20,90.2,26,10
M,73,59,16,51.1,20,7
M,90,64,20,76.2,23,9
M,71,56,19,49.1,15,11
I,76,55,20,45.1,17,10
F,113,88,31,187.9,54,12
F,110,83,27,152.7,40,9
F,123,96,33,232.3,61,10
F,112,88,28,185.7,60,11
F,116,90,37,199.1,57,11
M,118,89,28,186.2,56,12
M,121,95,36,187.3,59,15
M,115,85,28,172.7,40,11
M,116,94,33,199.5,66,10
F,136,112,33,327.8,92,15
M,133,105,33,267.6,70,18
F,136,110,35,359.6,91,19
F,141,110,40,341.9,98,13
M,93,71,21,95.9,25,8
F,108,95,31,243.4,68,16
F,90,71,21,104.5,29,8
F,115,89,27,176.6,52,11
M,71,58,18,65.5,18,9
F,90,67,21,85,23,9
F,110,85,27,170.3,54,14
I,48,35,9,14,4,5
I,41,30,11,8.4,2.4,5
I,42,30,10,8.4,3,4
I,78,59,19,40.6,15,7
M,94,74,24,115.9,28,9
F,92,75,24,92.1,30,7
I,65,49,14,32.2,9,6
F,105,85,32,167.1,49,9
I,104,82,24,119,38,8
M,80,64,19,60.6,20,7
M,97,72,26,108.3,32,10
F,94,72,24,95.5,30,10
M,81,62,20,77,22,7
F,100,80,28,132.3,44,8
M,89,70,24,88.5,27,8
M,94,77,27,117.9,34,8
I,49,38,12,17.2,5,4
F,101,80,25,116.6,35,7
M,90,69,21,82.3,27,7
M,101,81,22,125,35,9
F,106,82,26,139.3,40,10
M,85,65,19,75.7,20,7
M,104,80,24,116,37,8
M,95,71,24,96,27,8
F,113,88,32,183,64,12
F,119,99,37,257,97,13
F,95,78,24,106.1,34,10
I,62,47,14,30.2,9,6
M,111,85,26,153.3,55,13
F,80,64,22,70.6,20,8
F,119,95,34,249.4,85,20
M,114,96,35,237,76,11
F,121,90,39,219.6,63,13
F,120,95,30,201.5,56,15
M,119,95,28,188.8,63,9
F,120,94,30,184.4,61,10
F,111,85,28,157.6,57,11
F,123,95,34,220.5,69,14
F,115,89,28,188.2,57,9
M,124,102,35,323,135,12
F,104,85,33,197.7,64,16
M,119,95,32,263.5,116,21
M,116,90,28,202.6,72,14
F,114,93,36,259,88,12
M,125,93,28,239,80,13
M,112,88,32,172.9,52,10
F,92,71,26,103.4,33,9
F,115,90,32,195.5,66,12
M,113,85,27,162.3,51,15
M,111,88,30,151,52,12
M,119,93,35,223,78,13
F,125,99,33,252.4,78,10
M,139,112,38,298.8,97,15
M,133,107,39,321.2,96,14
M,107,87,30,145,50,9
M,94,75,26,104.6,29,8
M,94,74,26,104.5,33,7
F,95,75,25,115.7,31,10
I,72,53,19,46.3,15,7
M,110,87,29,168.6,51,15
M,106,87,32,176.6,67,15
M,106,83,28,144.8,41,10
M,121,94,32,234.7,69,12
F,104,82,31,145.4,47,12
F,109,86,33,160.4,56,11
F,100,80,25,133.5,44,10
F,102,78,27,126.7,40,9
F,87,79,21,72.7,26,9
M,99,79,25,108.3,31,9
M,93,72,21,86.2,35,9
I,87,64,16,66.5,21,9
M,85,70,21,78.6,33,9
F,109,82,25,138.7,42,11
F,106,83,23,118.3,36,11
F,98,75,27,122.5,44,11
M,88,68,21,80.4,33,10
F,112,86,30,176.5,62,9
M,81,61,17,52.1,17,8
F,94,73,21,84.1,28,9
I,77,59,17,50.7,17,7
F,103,85,28,153.2,51,14
M,74,53,15,42.8,14,6
I,72,56,16,35.1,14,6
I,54,39,12,14.6,6,5
I,75,55,18,47.6,14,6
I,77,58,17,50.1,16,8
M,140,107,32,345.1,108,19
M,142,108,33,391.8,156,18
M,119,96,33,252.4,82,17
F,88,70,25,80.7,25.8,9
F,65,52,18,38.3,12.4,7
I,70,52,19,42.2,13.6,7
I,53,40,13,19.5,5.6,7
F,85,66,23,81.2,27.1,8
F,61,46,16,31.2,9.6,7
M,69,51,18,40.1,12.6,9
F,81,65,22,71.1,23.4,9
M,75,57,19,50.6,18.5,9
F,113,89,31,165.2,49.5,10
F,110,90,29,148.2,53.3,10
M,130,104,38,268.9,89.3,16
M,112,91,31,159.4,48.5,11
M,95,75,26,103.5,34,10
F,98,76,25,109.8,34.8,10
M,92,70,24,103,31.3,10
I,56,41,16,25.4,8.4,9
I,35,26,11,6.3,2.5,5
I,34,26,19,6,2,4
M,118,95,29,210.6,65,15
F,121,100,37,223.7,67,9
F,127,103,38,274.3,90,10
F,121,97,32,211.3,71,10
F,113,90,27,197.7,62,12
M,103,81,26,144.4,42,10
F,115,92,38,198.8,68,13
M,129,97,43,302.8,127,16
F,116,91,34,181.5,57,13
F,115,92,33,224.8,88,13
M,121,93,33,211.2,68,13
F,121,97,32,244.4,56,13
M,122,97,35,248.9,69,12
F,145,112,42,428.2,201,18
F,130,109,46,350.4,163,16
M,145,114,38,510,145,14
F,145,115,35,424.8,170,20
F,136,114,41,368.4,130,20
M,141,112,44,396.2,152,14
F,136,103,35,323.7,124,12
M,139,110,43,391.3,118,14
F,106,79,29,155,51,7
M,105,87,31,213,57,8
F,104,81,23,155.2,44,8
I,47,32,8,9.6,3,5
I,72,52,18,35.7,15,7
I,63,42,12,25,7,5
I,63,49,17,28.7,10,8
I,45,32,9,9.3,3,4
M,116,95,30,194,70,11
M,114,96,36,187.9,59,14
M,128,102,35,273.6,114,21
F,112,90,32,204.7,60,10
F,124,95,35,203.3,65,10
F,129,102,40,313.5,92,12
M,124,98,38,243.6,71,13
F,126,96,30,210.5,57,12
F,126,100,37,276.6,76,10
F,126,96,32,239.8,63,11
F,117,92,34,186.5,58,9
M,123,96,36,231.9,65,13
M,122,97,34,204.5,72,12
M,116,90,30,185.4,72,14
I,71,55,17,44,30,8
F,102,80,28,162.9,39,10
M,100,81,31,154.4,49,12
F,101,82,30,128.8,42,11
M,128,100,37,260.7,93,16
M,112,90,32,184.4,52,15
M,117,92,37,184.4,57,10
F,90,69,24,83.3,27,9
M,100,80,33,165,57,13
F,100,80,29,126,46,12
F,106,87,34,163.1,55,13
M,84,67,23,73.8,24,8
F,88,68,28,96.4,32,9
I,80,60,22,63,24,9
I,87,68,22,75.9,24,8
F,105,83,34,166.5,62,13
I,74,56,19,53.1,16,7
F,98,73,29,126.9,44,10
M,67,50,18,36.2,12,7
F,83,65,21,76,24,12
M,100,81,28,123.1,41,9
F,97,79,32,132,47,14
M,110,81,28,160.5,51,10
M,90,70,26,92,27,8
I,81,60,24,64.8,22,7
M,94,72,27,100.2,33,10
F,83,61,26,64,21,8
F,89,65,25,91,28,9
F,94,70,29,103.5,36,11
F,98,75,30,115.1,38,9
F,89,71,30,97,31,11
I,85,76,21,65.3,20,10
F,100,74,27,90,31,9
F,78,58,25,61.1,18,7
I,73,54,17,41,14,7
F,116,93,33,220.3,70,11
F,106,83,32,156.6,49,15
M,111,89,27,167.2,55,13
M,113,88,35,180.5,65,14
M,125,101,43,289.1,87,22
I,55,43,15,23.1,7,7
I,88,70,27,87,25,12
I,59,45,16,24.8,8,9
I,15,11,2,0.4,0.3,1
I,26,20,6,2.6,0.8,3
I,22,18,6,1.6,0.6,3
I,32,24,7,4.2,1,5
M,113,85,32,188.5,55,17
I,54,40,14,20,7,5
I,46,35,13,12.9,4,5
I,60,46,16,25.5,8,8
I,66,51,17,33.1,12,8
I,70,52,17,34.8,12,10
I,64,49,16,31.7,10,13
I,72,55,17,39.5,14,9
I,61,49,15,31.2,9,7
I,69,54,22,42.7,14,7
I,66,50,21,34.3,12,7
M,118,94,36,224.7,72,13
F,119,91,31,212.1,60,12
F,115,92,37,218.8,69,15
M,120,99,33,248.3,68,15
M,112,90,35,202.2,74,15
M,112,90,37,214,82,19
M,109,92,32,179.5,69,10
F,127,101,34,283,73,15
F,118,95,32,220.3,59,13
F,108,95,31,185.6,52,11
F,114,88,25,173,54,12
M,106,84,33,178.9,49,11
I,49,39,12,19,5.2,4
M,54,40,16,24.1,8,6
F,92,76,26,127.8,32,11
M,104,90,30,179,47,14
M,70,55,22,58.5,18.1,8
M,94,78,30,127.1,51,9
F,90,72,25,99.9,34,13
F,128,105,43,355.8,110,22
M,118,100,40,237.4,74,16
M,124,97,41,243.8,77,14
M,126,101,45,305,90,15
M,126,103,31,251.8,82,13
M,131,108,43,368.8,117,22
F,132,106,37,269.7,98,12
M,122,100,48,328.4,138,18
M,127,105,41,296.8,86,20
F,103,85,27,142.4,50,11
F,107,83,37,168.3,60,15
I,72,57,21,48.3,15,7
F,91,71,24,89.9,30,9
M,97,79,28,125.9,45,14
M,103,76,35,191.3,62,14
F,107,83,34,175.8,57,10
M,106,87,31,139.8,41,10
F,99,80,31,128.9,41,17
M,88,71,25,95.5,38,9
F,107,87,32,162.1,48,10
M,108,87,36,199.2,65,17
F,113,101,42,255.3,71,12
M,122,95,33,223.2,63,15
F,113,91,35,202.6,70,19
M,120,99,39,211.5,75,26
I,59,43,17,25.6,8,6
I,55,41,15,22.1,7,6
I,56,42,17,21.3,6,4
M,98,79,28,109.8,30,11
M,74,56,21,46.8,15,9
F,81,61,19,69.7,20,9
F,108,87,35,178.4,67,13
M,74,56,20,50.4,14.8,8
M,72,54,20,43.4,14.3,6
F,94,72,26,94.4,30,10
I,40,29,12,7.4,2.2,4
I,33,24,6,4.3,1,3
M,129,103,48,308.3,107,13
M,110,82,25,152.1,39,14
M,114,87,29,181.1,55,10
F,126,97,38,248.7,78,21
M,112,88,28,194.2,53,14
M,119,91,39,266.1,69,19
F,124,94,40,245.1,87,23
M,126,97,35,260,92,23
I,90,71,22,91.7,28,8
F,127,107,38,248.4,78,14
M,90,70,20,73.5,24,10
F,116,91,31,167.3,64,18
I,66,51,19,34.4,12,6
I,53,42,12,19.3,6,5
I,38,29,8,7.6,3,4
M,77,62,20,56.9,20,11
I,53,41,14,21.1,7,5
M,67,53,21,44.4,15,7
I,71,55,18,50.2,16,7
I,64,51,20,35.1,13,7
M,102,80,26,128.7,41,12
M,72,59,21,48.2,19,8
I,72,56,18,45.1,18,8
M,100,76,31,119.1,40,12
F,80,65,24,63.7,19,8
I,60,44,16,24.2,7,5
I,47,35,8,14.1,4,5
F,148,120,39,394.8,142,16
M,124,93,38,268.3,71,11
M,120,95,38,217.5,65,14
M,118,90,37,256.6,85,16
M,124,95,37,265,66,13
F,113,90,39,200.7,57,15
M,115,91,29,233,60,14
F,124,102,41,269.5,96,14
M,124,93,37,254.8,64,12
F,101,75,36,113.6,34,12
F,92,85,31,149.2,48,8
M,98,78,28,141.4,36,13
F,105,84,32,151.2,55,9
I,68,52,16,40,11,6
I,75,61,23,54.3,18,8
M,122,96,30,240,56,14
F,122,99,37,230.6,49,8
F,117,90,34,173.7,54,22
M,114,92,28,190.7,49,12
M,116,91,34,186,44,9
M,127,103,34,255,68,16
M,140,116,41,426,116,20
M,135,105,37,317.4,79,13
F,129,105,38,361.7,79,18
M,149,117,43,499.8,140,17
F,137,109,36,353.6,97,16
M,121,98,36,245.4,70,18
F,118,93,30,199.4,68,12
F,130,105,35,284.5,89,20
F,120,96,30,205.8,59,16
F,124,100,35,237.2,70,12
M,126,103,32,203.2,71,19
M,116,93,29,177.4,53,11
F,116,91,24,214.7,53,10
M,126,98,36,226,63,12
F,138,112,43,343.8,94,17
F,130,109,33,313.2,83,16
F,132,113,39,352.1,100,16
F,136,116,40,357.4,120,19
F,140,115,34,262,84,14
M,137,104,30,268.6,80,13
F,135,109,39,346.9,121,20
M,126,98,38,235.5,57,11
F,117,90,32,215.4,50,10
M,113,93,35,199,74,15
F,122,99,37,221.7,66,12
M,121,94,36,228.1,77,15
M,107,84,29,158.2,50,10
M,97,80,27,132.6,40,10
M,94,75,24,111.3,39,12
M,109,85,27,168.9,47,10
F,91,74,21,98.5,27,9
M,108,84,31,147.7,43,12
M,92,76,27,96.4,29,10
M,98,84,25,121.8,44,14
I,93,75,24,94.2,28,9
I,83,65,20,64.3,21,10
M,95,75,25,118.6,36,10
F,94,75,25,112.3,36,10
I,73,59,19,50,16,9
I,69,55,19,39.9,14,6
I,78,62,20,60.4,23,11
F,100,79,28,143.1,48,10
M,94,76,29,117.3,37,8
M,107,88,30,135.3,52,12
M,117,91,30,197.4,62,11
F,97,73,24,117.7,35,9
M,103,91,27,144.5,47,9
F,87,65,22,86.7,31,7
F,103,83,28,138.7,40,10
I,88,69,24,73,22,7
F,105,88,30,168.5,48,12
M,90,71,23,95.8,30,8
M,118,97,24,182.2,58,16
M,111,90,29,183,57,11
M,114,88,19,165.4,47,8
M,118,100,33,220.9,68,15
M,117,95,24,189,56,14
F,116,92,24,198.7,56,11
M,109,88,24,171.3,48,12
F,121,99,34,247.7,78,14
F,124,94,28,206.5,72,15
F,126,100,34,262.7,80,20
M,126,103,33,270.4,90,20
F,126,100,31,201,72,16
M,109,82,28,125,47,13
F,134,108,33,300.3,101,14
I,98,76,24,105.8,31,11
F,98,78,27,115.7,40,13
I,58,45,14,20.2,7,8
I,52,40,14,18.4,6,6
M,116,90,35,213.6,64,13
F,122,97,33,218.3,66,18
M,120,100,32,203,66,19
F,112,91,25,188.6,75,21
F,115,90,34,209.5,77,18
F,114,90,35,191.1,59,18
M,120,94,31,207.2,65,20
M,113,91,34,181.3,64,18
M,109,84,28,150.1,51,22
I,88,69,20,73.2,24,13
M,100,82,30,132.4,44,11
I,72,55,19,43.4,18,7
I,77,61,19,50.4,18,14
M,78,60,18,61.1,17,9
M,100,83,33,137.7,50,13
I,72,55,22,46.7,17,10
I,67,52,20,38.4,14,8
F,101,85,28,170,57,19
I,79,59,20,54.3,17,10
F,82,65,21,72.7,24,10
F,112,91,38,142.8,55,9
M,113,87,37,196.3,78,13
M,113,91,37,185.3,75,16
M,121,100,35,219.6,75,12
F,113,91,30,164.1,52,18
M,145,113,43,378.2,116,16
F,135,107,32,282,84,16
F,133,111,39,287.7,72,17
F,113,98,31,184.9,51,11
F,129,110,35,258.3,66,14
M,115,94,28,167.5,48,11
F,128,108,35,244.2,78,15
I,72,56,21,39.8,16,9
I,83,62,22,59.3,19.9,10
F,105,82,27,141.7,47,11
M,76,57,20,53.3,15,11
F,117,93,34,198.3,53,12
I,48,37,14,14.3,5,6
I,44,33,11,10.9,4,5
I,51,39,14,14.7,5,6
I,35,25,10,4.7,1.6,5
F,134,110,38,278.1,80,12
M,131,106,39,277.6,82,13
F,136,110,42,348.9,125,17
M,135,111,40,287.7,93,21
F,106,88,27,156.7,43.7,9
F,103,81,24,129.2,35.4,10
I,86,68,24,71.5,20.9,9
F,104,81,24,125.4,36.2,11
F,109,83,32,154.3,55.3,10
M,106,83,35,147.9,52.9,17
F,93,70,23,84.2,26.9,9
M,133,108,35,269.4,83,17
M,147,118,45,351.2,116,21
M,132,109,37,264,91,16
F,140,117,37,361.5,95,29
M,115,80,31,186.5,60,17
M,114,93,25,169.8,48,15
F,116,92,30,199.1,52,19
M,126,96,29,202.3,61,12
F,117,93,28,181.6,63,13
M,110,90,26,184,58,11
F,125,103,30,248.3,72,15
M,108,84,27,161.5,47,11
F,114,91,33,211.9,57,14
M,118,91,29,214.6,57,14
M,116,92,26,184.2,58,13
F,131,102,31,257.9,82,11
M,131,106,35,252.7,83,15
M,125,100,39,273.8,74,17
F,125,100,30,190.6,61,15
F,128,104,35,249.6,96,12
F,121,97,33,202.1,60,19
F,123,105,31,207.7,69,11
M,111,90,35,174.8,61,10
F,116,88,36,170.8,49,12
F,124,104,45,236.7,79,23
F,124,94,45,223,72,15
F,120,101,38,225.8,72,13
F,125,97,38,234.9,84,17
M,120,94,35,221,63,15
M,112,92,47,167.9,61,12
M,117,91,45,211,73,15
M,112,87,36,177.8,50,11
I,112,89,31,174.7,55,16
I,136,106,37,221.9,68,10
F,91,70,28,103.7,27,10
F,98,76,29,134.5,42,10
M,62,44,17,29.2,9,6
F,55,39,14,16,5,5
M,54,39,16,20,6,6
M,80,58,23,55.9,15,9
M,56,40,16,18.3,6,5
M,65,46,18,29.4,9,4
F,69,50,18,40.6,11,6
M,42,30,10,7.7,2,3
F,72,54,18,37.7,11,5
I,73,52,23,43.6,14,9
M,40,28,11,7,2,5
M,47,32,12,10.9,3,4
M,35,25,8,4.8,1,4
M,31,22,8,3.1,1,3
F,114,89,31,146.6,47,14
F,114,90,32,194.3,52,12
M,77,60,19,48,17,9
I,106,84,37,150.4,41,20
F,92,71,26,91.6,26,13
I,94,74,24,94.1,31,12
F,87,67,22,76,22,9
I,94,74,28,99.7,29,10
I,93,76,26,90.8,31,11
I,104,81,28,115.5,35.8,11
M,58,46,15,23.3,8,7
M,55,41,14,18.8,6.5,5
F,75,58,23,54.1,17.7,10
F,100,75,28,120.8,35.8,15
F,88,71,23,83,26.2,11
M,84,65,23,57.7,22.7,15
M,89,70,23,72.3,23.4,8
F,76,58,21,51.4,17,10
M,64,49,15,31.1,9.8,11
M,51,39,13,16,5.4,8
M,41,31,9,8.5,3.1,7
F,113,90,32,159,46,12
I,111,85,36,175,51,11
I,130,103,32,232.5,66,17
I,123,98,31,197.7,69,13
I,112,88,33,160,50,12
I,96,74,24,102.8,31,13
I,97,78,25,118.2,24,9
I,100,77,30,125.3,32,10
I,105,81,30,159,51,14
F,132,100,33,238.1,74,12
F,132,106,34,265.2,88,13
I,104,80,29,132,44,13
F,88,68,21,72.8,23.5,8
I,103,80,24,131.8,34,13
F,95,70,23,90.4,31,11
F,109,83,30,146.7,43.7,11
F,94,71,26,109.3,37,14
M,70,51,13,35.8,12,10
I,97,71,26,116.2,33.6,12
I,87,66,25,81.2,19.2,12
M,56,42,16,21.7,6.9,7
F,82,64,23,77.4,19.7,11
I,90,70,28,94.8,25.5,16
I,90,69,27,88.6,23.5,14
F,118,91,31,213.2,83,20
F,114,88,28,190.7,61,17
I,122,95,30,193.3,69,10
F,122,95,28,226.6,70,11
I,112,85,28,183.5,52,10
F,117,87,35,196.4,54,10
I,116,89,30,177.3,51,11
F,126,96,35,273.5,103,17
F,125,98,35,246.6,73,11
I,110,85,30,161.2,49,14
F,129,105,38,292.7,87,19
I,92,71,28,98.7,23,13
F,82,61,20,72.6,22,11
I,99,78,25,133.1,40,11
I,104,85,34,136.1,39,10
F,110,82,29,165.7,50,13
M,90,67,28,92.5,30,14
F,81,62,24,61.9,19,13
I,102,80,30,149,47,13
F,74,58,23,50,15,9
I,105,82,35,174.8,41,18
F,132,104,36,302.8,84,19
M,107,84,30,139.9,48,12
I,115,91,36,170.5,60,13
F,110,86,28,142.7,45,9
I,121,94,28,187.8,64,13
I,121,99,29,210.8,72,12
F,112,89,39,196.2,67,16
I,107,84,29,185.2,50,17
F,77,63,22,57.2,16.7,10
F,78,60,20,53,17.3,13
I,94,69,23,97.7,33.2,11
I,103,78,28,111.1,44.7,12
I,85,69,25,85,30.8,13
M,69,54,18,39,11.8,9
I,97,74,26,91.6,27.2,10
M,74,57,20,45.6,16.2,10
M,70,53,18,35.5,13.6,12
F,88,69,34,81.7,30.3,12
M,39,29,10,6.4,2.4,4
M,65,48,15,31,12,9
I,99,74,25,95.5,33.8,18
I,90,70,29,105,33.1,15
M,83,69,27,77.3,29.6,13
F,94,71,28,86.6,30.4,12
M,64,48,17,34,9.8,7
M,62,45,15,25.9,8.8,9
M,47,34,11,10.3,3.9,7
M,69,51,16,33.8,10.8,10
I,97,76,28,134.6,39,18
F,100,77,23,135.7,39,12
F,100,77,21,99.6,34,17
I,93,72,21,99.6,28,15
F,105,81,32,131.6,45,12
F,85,67,19,64.4,25,10
F,76,61,19,56.3,18,8
I,106,83,29,188.8,53,21
M,68,53,17,36.7,13,10
I,95,73,23,98,26.7,9
F,86,68,24,78.2,28.1,7
M,92,73,25,93.4,31.6,10
I,94,72,26,104.5,33,9
M,72,59,20,42.1,15,9
M,71,53,18,33.6,12.6,8
M,76,47,20,51.6,16,7
M,71,52,17,38.1,11,6
I,88,69,24,97.4,32,14
F,102,80,26,114.7,39,13
M,65,48,17,34.6,10,7
I,124,97,36,235.7,78,13
F,118,90,32,180,63,19
M,66,51,19,37.5,12,7
M,90,68,26,74.3,21,9
I,89,66,24,69.4,21,11
M,66,43,15,22.9,7,6
M,96,75,29,155.4,34,9
I,92,70,24,97.7,31,11
F,95,72,25,89.4,28,9
M,51,36,13,15.8,5,5
I,67,49,18,33.3,12,6
I,94,70,26,93.2,29,11
M,62,45,16,26.9,10,7
F,74,56,22,46.1,15,10
M,59,43,15,25.8,8,7
F,111,87,33,194,59,17
F,123,103,34,228,84,16
I,116,98,39,263.3,82,18
F,117,95,37,191.7,66,11
I,130,105,36,325.2,106,18
I,107,90,34,156.2,59,11
F,83,68,26,73.5,24,10
F,76,61,21,56.2,18,12
I,90,71,24,82.4,32,19
F,79,59,19,44.9,16,10
M,91,70,24,96.7,32,11
F,97,76,30,121,36,15
M,110,85,31,183.5,67,13
F,90,70,29,108.5,35,13
M,95,77,29,123.5,43,14
F,100,76,31,131,41,17
F,106,82,33,162.3,48,19
M,98,78,30,114.6,34,21
F,98,77,30,157.3,48,23
F,104,79,36,128,49,22
M,108,83,29,148,49,12
F,100,75,23,118.9,38,11
F,90,76,33,163.3,53,23
F,74,55,20,44.5,16,8
I,74,55,20,45.9,14,7
M,97,74,28,114.5,35,10
F,87,65,23,78.3,24,7
M,107,81,37,166.9,58,16
M,102,80,28,130.3,37,10
M,113,88,37,181.8,51,15
F,107,80,30,160.9,42,13
F,107,81,25,185.4,69,16
M,105,80,34,146.1,39,11
M,118,88,30,191.1,59,11
M,100,75,30,127.2,38,10
I,51,38,15,17.3,5,5
F,86,65,23,77.3,22,11
M,76,58,24,56.6,17,9
I,33,22,4,3.8,1,4
I,63,46,18,25.7,8,7
I,31,21,10,3.5,1,4
M,56,41,20,23.3,6,5
F,86,67,24,88.8,28,13
F,79,63,21,70.3,23.9,16
M,77,57,21,58.1,17.5,12
F,96,77,27,107.2,34.6,14
F,89,66,21,90.5,24.6,9
M,79,59,23,63.2,22.1,12
M,80,60,25,83.4,23.5,9
M,83,65,28,83.4,28.8,10
M,63,50,18,40.6,15.9,11
F,69,52,18,41.4,15.3,10
M,72,59,26,55.3,20.1,10
I,59,45,18,22.1,6.4,7
I,65,50,16,35.2,12.6,7
M,75,60,20,49.3,16.6,11
I,56,41,11,22.7,6.7,7
M,71,53,17,40.2,13.9,8
M,70,51,16,38.3,12.6,9
I,55,40,13,20.7,6,7
I,58,41,14,19.5,7,8
I,50,38,12,15.3,4.9,6
I,36,25,7,5.3,1.7,4
I,30,20,5,3,1,2
I,32,22,5,3.6,1,3
M,111,91,32,211.5,58.6,13
M,111,88,30,218.4,88.1,15
M,105,82,26,198,59,15
M,93,72,16,97.6,31,11
F,98,72,22,100.1,39,17
M,80,61,17,59.4,20,10
F,96,75,21,105,31,12
M,101,80,25,154,51,13
F,104,80,24,130.3,33,15
M,105,80,26,165.9,55,11
M,109,84,26,175.8,46,13
M,104,80,24,164.6,53,15
M,101,76,26,131.2,44,13
M,105,85,24,173.3,58,18
M,102,78,25,131.3,35,10
M,104,77,23,133.8,41,12
F,104,81,25,128.7,42,12
M,107,82,27,172.4,64,14
M,89,69,18,75.9,25,10
M,106,88,41,167,49,14
F,72,53,18,41.3,12,8
F,107,84,30,147.3,43,14
F,104,81,28,163.5,52,17
M,106,83,26,168.5,53,20
F,106,84,26,200.2,53,17
F,132,104,40,335.2,90,17
M,104,77,28,131.9,32,9
M,107,84,26,161.1,56,14
M,139,103,35,303.3,78,15
F,102,78,21,122.4,39,13
M,97,71,24,109.4,28,10
F,121,92,34,224.4,63,13
F,116,91,33,227.3,55,13
M,130,103,35,296.1,105,20
M,124,101,37,305.5,70,13
M,123,105,31,227.5,74,20
F,121,99,38,287.4,82,15
M,114,88,31,223.2,54,13
M,114,86,24,212.3,62,15
M,117,81,30,251.3,65,15
F,110,88,31,189.2,67,16
F,108,88,27,191.8,60,17
M,128,102,38,322.6,94,14
F,122,94,29,230.6,64,14
M,109,90,30,195.6,60,11
F,118,89,26,226.5,64,13
M,69,54,19,39.4,14,9
F,110,86,31,157,46.6,11
F,106,85,34,189.8,55.6,17
F,106,91,33,196.1,59.3,11
I,97,75,28,104.2,34,8
M,77,55,23,53.7,17,8
M,91,68,27,92.4,24,9
M,98,76,28,152.1,37,10
M,106,82,33,146.4,62,11
M,101,77,29,135.5,40,15
M,98,76,28,127.7,39,13
M,93,70,28,115.1,38,15
F,94,72,29,107.4,39,15
M,112,82,33,186,60,13
M,101,77,30,128.3,43,12
M,103,87,29,176.3,51,10
I,77,56,25,48.8,17,6
I,43,31,12,10.5,3,5
M,110,83,35,208.4,58.1,15
F,103,78,26,115.1,36.9,9
M,99,77,27,141.8,52.4,12
F,101,78,32,128.8,32.7,9
F,120,93,33,177.5,52.4,12
F,114,93,32,178.7,52.6,10
F,97,75,27,111.2,33.7,10
M,94,74,36,102,32.5,9
M,115,90,33,184.3,51.2,12
M,116,93,32,206.9,72.7,12
M,103,81,29,139,46.8,15
M,106,82,31,143.1,42.8,11
M,88,67,22,78.8,24.4,9
M,104,84,32,149,57.7,11
F,85,69,22,73.3,23.4,11
M,92,68,27,99,37,10
M,90,67,25,69.8,23,10
M,85,66,26,88.1,31,9
I,74,55,20,44,13,7
M,103,76,27,132.3,31,10
M,81,61,24,63.7,19,7
I,56,41,14,20.3,6,6
F,96,80,25,151.8,48,15
F,88,68,26,83.9,26,10
F,104,82,23,161.4,47,12
M,101,81,28,175,57,12
F,98,73,26,136.7,41,21
I,47,35,11,13.4,3.6,6
I,51,37,12,17.6,4.6,5
I,63,48,17,34.3,10.7,7
I,65,50,16,34.7,9.8,7
I,67,50,16,36.6,11.5,6
I,70,54,18,41.1,12.4,6
I,70,50,14,36,10.8,6
I,72,60,17,54,14.9,7
I,73,55,27,48,14.7,7
I,74,55,28,44.3,12.3,6
I,76,55,19,27.5,12.1,7
I,77,58,19,62.4,17.2,6
I,77,60,20,57.9,18,7
I,79,58,19,63.8,16.4,7
I,79,58,19,60.8,15.4,6
I,80,62,20,61.2,18.8,6
I,82,65,20,78.8,21.2,6
I,83,64,22,74.7,21.8,7
M,83,61,20,65,18.2,6
I,85,65,20,79.6,18.9,6
I,88,73,23,100.2,29.3,9
I,89,67,20,97.9,22.1,7
I,89,65,20,75.6,17.8,7
I,90,70,26,109.4,28.1,8
M,94,75,24,116.1,33.8,8
I,95,73,25,109.3,34.4,9
F,96,73,27,127.9,35,8
I,97,71,21,99.6,30.5,9
M,98,77,25,121.8,35.5,8
F,99,82,25,151.1,42.8,9
M,100,80,25,119.5,33.2,9
M,101,88,28,165.5,47.8,8
M,105,79,26,152.7,45,8
M,108,81,25,178.2,40.4,9
F,108,84,28,161,42,11
F,109,88,27,183.7,47.5,10
F,110,86,25,184.6,56.6,8
M,110,90,30,202.9,57.5,10
F,110,90,30,175,55.3,10
M,111,87,29,193.7,47.7,9
M,113,90,31,211.9,53,10
M,114,91,30,190.4,54.9,9
M,114,87,26,150.7,38.8,10
F,115,93,28,191.6,54.1,9
M,118,95,33,215.4,61.9,9
M,118,92,26,220.4,66,12
F,119,96,30,222,66,10
F,119,96,32,241.9,64,8
F,119,95,32,228.1,54.2,6
F,119,93,28,222.6,61,12
M,120,95,35,268.9,72,11
F,120,95,31,242,64.1,10
M,120,99,35,258,68.9,11
F,121,95,35,276.4,79.7,10
M,121,91,32,220.7,65,9
F,123,100,35,275.4,58.4,12
F,123,104,30,268.7,69,10
M,123,102,30,259.2,64,9
M,123,101,33,268,82,12
F,124,101,32,274.5,73.7,11
M,124,100,33,261.4,63,9
F,125,98,31,241.7,82.2,11
F,125,98,40,276.5,76.2,11
M,126,101,33,252,81.2,14
M,127,102,34,271.1,78,9
F,127,100,30,275.2,62,10
F,127,97,33,258.9,54.3,9
F,128,102,33,297.2,64.2,8
M,130,105,35,294.3,79.8,11
M,131,104,33,281.9,81,9
M,131,116,41,416.1,120.2,17
M,132,106,34,278.1,90.6,15
M,132,104,38,311.6,80,10
F,134,117,32,261.8,82.6,10
F,135,105,34,361.9,91,12
F,135,105,31,295.7,84,9
F,136,112,39,355.5,83,11
F,137,108,32,333.5,95,11
F,139,112,44,366.8,91,11
M,146,119,46,565.1,179.4,17
I,41,28,10,9.2,2.7,6
I,48,35,11,14.1,4.2,5
I,48,35,13,13.3,3.4,3
I,51,38,10,16.6,5.4,6
I,51,36,11,16.6,4,4
I,53,39,12,18.4,4.9,6
I,56,24,15,23.4,6.9,4
I,59,46,16,32.5,7.7,5
I,60,47,16,26.2,8.6,4
I,60,46,19,27.7,7.4,6
I,61,44,14,28.2,7.4,5
I,63,47,15,29.7,8.5,6
I,63,46,14,28.8,8,8
I,64,48,18,31.5,8.5,5
I,65,48,15,37.4,10,6
I,66,53,17,39.2,8.9,6
I,67,50,15,36.5,11,7
I,67,50,15,37.2,8.9,7
I,68,50,15,35.7,9,5
I,68,50,14,44.5,11,7
I,69,53,20,49.1,13,7
I,74,58,19,49.8,13.4,6
I,74,56,19,57.3,15.9,7
I,75,56,18,43,11,6
I,77,53,16,50.2,14,6
I,82,62,18,67.8,18,7
I,82,61,18,70.7,20,7
I,82,62,18,66.7,18.2,6
I,83,66,18,71.9,18,6
I,84,64,23,75.2,20,5
I,84,63,20,68.7,18,6
I,85,68,20,76.4,20,6
I,85,63,20,75.4,21,6
I,86,65,20,72.9,21,7
I,86,65,18,85,19,7
I,87,65,24,79.9,22.5,8
I,87,68,23,78.5,22.9,6
I,88,69,26,89.9,26.8,6
I,88,65,18,70,21,7
F,89,67,22,87.1,23.9,6
I,89,70,26,83.9,23.9,7
I,90,72,26,95.6,27.4,7
I,90,71,21,88.9,26.7,8
I,90,69,22,94,22.7,7
I,90,67,21,89.4,23.8,7
I,91,71,25,106.5,29.3,7
I,91,75,24,99.4,25.9,6
I,92,72,20,92.7,23,7
I,92,69,21,89.8,25.3,7
I,93,73,23,93.4,22.6,7
I,93,74,23,106.8,28.6,7
I,93,69,22,88.3,24,7
F,93,70,25,96.4,21.9,6
M,94,73,24,122.4,28,8
F,94,73,24,116.4,29.2,8
M,95,74,25,107.4,30,9
F,95,72,24,118.3,25.4,6
M,96,75,23,135.3,34,6
M,96,77,29,128,31.5,6
M,96,72,20,87.8,23,8
M,96,73,24,120.3,28,7
F,97,74,23,95.7,25.8,7
M,98,77,25,129.8,33.9,8
M,99,79,27,126.7,29.9,8
M,99,80,27,122,28.8,7
M,100,78,27,131.9,31.3,6
I,100,77,24,112,27,8
M,100,77,27,128.5,30.7,7
M,100,80,25,134.5,36.5,7
F,101,78,26,134.8,35.7,9
I,101,78,30,137,31.2,8
M,101,82,25,128.4,31,9
I,101,71,25,120.2,37,8
M,102,78,27,153.8,38,8
I,102,75,20,115.7,35,7
I,102,81,27,153.8,36,7
M,102,81,30,140.7,37.7,8
M,102,82,29,159.2,39.1,8
F,103,86,28,166.8,46,8
M,103,78,31,142.5,31,7
F,105,83,28,144.8,35,8
M,105,80,28,146.5,34,11
F,106,85,26,151.7,41,8
F,106,85,30,169.9,40.4,8
M,106,81,25,130.3,37.2,7
F,107,80,27,164.3,41,8
M,107,86,28,143.3,43.1,8
M,107,87,28,174.8,43.9,8
F,110,89,31,198.1,43.6,9
F,110,86,28,162.1,55,9
F,112,91,32,193.4,54.8,9
F,113,80,26,139.5,36,8
M,114,90,31,239,59,10
M,114,90,31,238.7,68.6,10
F,114,91,30,221.4,54,8
M,114,89,28,212.7,48,8
M,114,92,34,180.7,42.8,7
M,115,95,32,222.8,58,9
F,115,92,32,220.6,49.8,9
F,116,92,30,223.1,58,7
F,116,92,36,210.3,55.2,8
M,116,91,30,202.4,56.7,10
F,116,90,29,227.4,58,8
M,116,98,26,226.7,47.4,9
M,118,93,31,227.2,55,11
M,118,94,32,241.2,61.8,8
F,118,91,29,212.6,50,8
F,119,94,31,224.2,31,11
F,119,90,30,222.8,50,11
M,119,95,33,242.6,54.8,9
F,119,92,28,200.9,50.3,9
M,119,91,30,208.8,54,9
F,121,98,30,226.9,59,9
M,121,95,31,232.2,55,9
M,121,94,33,246.3,58.5,11
M,122,94,30,232.5,61.7,11
M,122,95,31,233.6,65.9,10
F,123,96,32,250.5,66,8
F,124,102,36,266.3,77.6,11
F,125,96,34,270.5,73,10
M,125,98,35,266.5,81,10
F,125,95,35,228.7,69.8,10
F,125,100,33,257.6,63,9
F,125,97,40,276,80.2,9
M,126,97,31,255.6,62,8
F,126,99,33,261.5,63,11
M,126,96,30,235.7,64.7,8
M,127,98,35,275,79,11
M,127,105,37,281.3,74.9,10
M,128,101,31,280.5,67,10
F,128,100,34,303.5,81.8,11
F,128,100,35,278.8,80,10
F,129,100,31,244.1,63.7,10
M,129,104,35,327.2,86.4,11
M,129,104,35,312.2,80,8
F,129,101,33,286.5,67.2,8
M,129,100,35,267.7,69.8,11
F,129,100,32,249.3,60,10
F,129,103,30,242.4,77,10
M,130,99,32,260.8,74.5,9
M,130,104,42,335.7,92,11
M,130,105,37,324.4,95.4,10
F,131,92,32,298.8,36.5,9
F,131,102,35,330.5,80.6,10
F,132,101,37,305.6,88.2,11
M,132,107,38,318.1,103.5,9
M,132,99,39,325.5,97,10
F,132,95,36,273.9,67,6
M,134,105,33,321.7,80.1,11
F,135,114,45,317.4,87,10
F,135,113,39,367.5,110.6,12
M,136,107,37,321.4,99.6,12
M,138,105,35,340.1,81,8
M,138,101,40,374.4,96,10
F,139,107,35,367.7,100.6,10
F,141,107,36,337,80.9,12
M,142,113,41,439.6,109.5,11
M,143,113,35,390.5,82.7,10
F,143,105,37,312,81,11
F,147,120,44,511,120,11
M,153,120,44,460.4,124.1,12
I,37,26,9,5.8,1.9,4
I,39,30,9,7.5,2.2,3
I,39,27,8,6.5,1.9,4
I,40,31,8,8.7,1.4,4
I,45,33,11,11.8,3,4
I,49,36,13,14.2,4.3,4
I,50,36,13,13.7,4.5,5
I,53,39,11,16.8,5,7
I,55,39,13,21.2,5.6,6
I,56,42,17,21.5,6.8,5
I,57,44,13,19.2,6,5
I,60,44,16,25.1,7.8,6
I,63,47,11,30.2,7.8,6
I,64,45,17,28.3,8.1,6
I,68,53,16,40.3,11,5
I,74,56,20,44.2,12.7,6
I,75,56,16,46.9,13.4,6
I,75,55,20,46.5,13,6
I,77,58,16,49.7,13,7
I,80,64,19,69.6,17.4,6
I,81,60,22,64,18.6,7
I,82,60,20,56.4,17.5,7
I,82,65,20,64.9,21.2,6
I,84,60,21,63.2,20.7,7
I,84,64,22,72.5,21,7
I,84,62,19,55.8,17.6,6
I,85,65,23,73.7,20.9,7
M,86,67,24,79.4,20.7,7
I,87,66,22,82.6,19.2,6
I,87,69,23,83.6,21.2,7
I,88,66,22,74.1,24,7
I,89,69,21,81.8,23.4,7
I,89,68,29,86.8,26,7
I,89,67,22,82.2,21.8,8
I,90,73,25,92.4,26.3,8
I,90,68,24,98.5,24,6
I,90,66,21,74.3,19.5,7
I,90,66,20,82.2,19.6,6
I,90,66,22,73.7,20.4,6
I,92,70,23,83.1,23.5,7
M,94,72,21,108.8,25.8,7
I,94,76,25,96.9,28.4,6
I,95,70,22,91.3,26,6
I,95,70,20,90.9,23,7
I,96,76,25,124.9,33.3,8
M,98,93,25,104.5,28.2,7
I,100,75,28,109.9,31.7,7
I,100,75,24,108.4,34,9
I,100,76,25,103.8,26.8,8
M,100,78,25,104.3,26.2,6
F,101,78,25,108.9,28.1,7
I,102,81,25,135.9,36.4,8
F,102,80,25,109,27.7,6
I,102,80,25,111.5,30.5,9
I,102,76,23,103.1,33.2,8
I,103,77,25,122.3,30,8
M,104,80,29,155.3,37,9
I,104,76,27,107.9,31.4,8
I,104,76,25,110.9,33.4,8
F,104,92,30,203.8,50.8,7
I,105,80,26,129.1,34,8
I,105,80,28,120.2,36.7,9
M,105,81,24,151.1,40.2,9
I,105,79,24,121.6,28.1,8
I,106,80,25,123.4,38,8
I,107,78,25,119.8,33.8,9
I,108,84,28,133.3,37.9,10
M,109,78,27,156.7,31.2,7
M,109,82,24,158.6,38,9
M,109,83,28,164,43.6,9
F,110,83,27,162.9,35,8
F,110,86,30,168,44.6,8
M,110,85,30,166.3,43.3,10
M,112,86,29,179.9,46.8,9
M,112,89,32,179.3,44.3,8
F,112,88,31,128.1,49,8
M,112,83,29,170.4,41,8
M,113,91,30,191.9,46,9
M,113,87,30,198,41.2,8
F,113,90,35,201.9,52.9,9
M,114,92,30,207.5,50,9
F,114,89,29,175.5,44,8
I,114,88,30,151,44.8,8
F,115,92,29,198.9,53,7
F,115,90,32,213.6,51.5,10
M,115,87,28,169.1,44.4,9
F,115,94,33,173.8,47.6,9
M,115,91,27,181.4,52,9
I,115,87,26,161,49,10
M,115,89,34,204.5,45.6,9
M,115,89,29,169.4,44,9
M,116,91,30,222.8,53,8
M,116,91,39,371.8,88.2,9
M,116,89,27,162.8,44,9
M,116,90,28,192.3,50.6,9
M,116,90,29,200.5,45.9,8
F,116,90,31,186,53,9
M,117,92,29,186.7,47,9
M,117,93,32,191.1,53,7
M,118,94,30,199.1,48,8
F,120,95,32,205.3,51.3,9
M,120,91,34,238.3,48,8
F,120,93,30,220.5,50,8
M,120,93,31,203.3,45,10
F,121,94,33,235.5,58.4,9
M,121,95,28,223.5,54.8,9
M,121,96,34,236.7,63.4,10
F,121,95,33,211.2,71.4,9
M,122,97,32,202.9,48.3,8
M,122,97,29,266.1,57.3,9
M,122,94,33,210.4,53.4,9
M,123,92,34,211.3,54,10
F,123,93,30,184.6,48.3,9
F,123,95,31,205.4,57,9
M,124,94,27,203.9,49.5,8
M,124,90,40,171.6,48.1,8
F,124,96,32,222.5,56.2,8
F,125,97,35,274.9,66.4,9
M,125,96,37,241.3,57.2,8
M,126,94,31,226.5,57.4,8
M,126,100,35,252.9,68.5,10
F,127,99,3,231.3,57.7,9
M,128,103,33,273.8,71.6,10
M,129,106,39,278,74.7,10
F,129,96,34,226.9,61,10
F,130,100,38,292.8,84.9,9
M,130,100,31,240.4,58.8,11
M,131,103,32,262,69,11
F,131,102,35,283,72.8,10
F,132,106,37,269.2,95.2,11
M,133,105,32,272.6,68,8
I,133,100,34,259.5,71.9,9
F,134,101,41,272.9,70.6,9
F,137,108,43,340.5,94.7,14
M,137,104,33,303.8,80,10
F,138,108,31,290.8,78,9
M,138,106,42,316.6,77.3,12
F,138,106,34,310.7,73.9,9
M,139,112,37,348,87.5,10
M,140,113,36,350.2,89.2,9
M,140,115,38,454.6,127.6,12
F,140,105,38,329.3,79.9,9
F,141,110,34,243.8,60.2,9
F,142,112,36,330.4,90.5,11
M,143,110,38,400.9,101.5,12
M,143,107,38,335.1,84,10
F,144,116,39,420.6,107.5,10
F,144,110,40,399.3,104.3,10
M,144,113,29,237.4,53.7,8
M,145,101,37,395.6,90.1,12
F,146,115,37,375.9,96.5,12
M,147,117,37,424.8,100,11
M,149,113,43,386.2,100,11
F,150,114,42,447.2,109,11
F,151,125,42,501,135.7,11
M,151,116,41,401.3,119,10
F,156,126,43,531.4,117.2,11
I,37,75,24,92.9,30,6
I,49,41,12,15.3,4.3,4
I,50,37,13,13.7,4.5,5
I,50,38,13,16.7,5,5
I,55,39,18,22.5,7.1,6
I,61,43,13,21.5,7.6,5
I,62,45,14,21.1,8,5
I,63,46,16,27.5,8.9,5
I,63,46,14,22.9,7.7,5
I,65,45,15,27.8,18,6
I,66,50,19,41.7,10.4,7
I,66,41,19,31.9,8.7,5
I,67,49,18,40.3,9.6,7
I,68,50,18,35.8,11,6
I,69,51,19,38.9,11,6
I,69,51,17,40.1,10,5
I,70,54,15,43,13,6
I,70,51,18,35.7,10.5,8
I,72,54,17,39.2,12.8,4
I,73,54,17,37.5,11.6,6
I,73,54,17,39.2,12,7
I,73,53,17,42.6,12,7
I,74,58,18,48.9,15,7
I,74,56,17,43.4,12.4,6
I,75,58,19,42.6,12.2,5
I,75,58,17,47.7,13.9,7
I,75,55,18,43.6,15.1,6
I,75,55,19,49.3,15.5,6
I,75,56,16,40.5,13,8
I,75,54,17,43.6,14,7
I,76,55,22,51.2,15.1,6
I,76,54,16,42.1,14,8
I,77,58,18,52.3,14.9,9
I,77,56,17,43.5,13.4,8
I,77,60,19,60.4,14.7,7
I,77,56,18,45.6,13.1,5
I,78,60,19,65.3,17.8,7
I,79,61,21,56.8,18.9,8
I,79,59,19,54.5,17,8
I,79,54,20,59.7,16.4,5
I,80,58,20,53.5,15.3,5
I,81,57,18,52.9,15,6
I,82,67,22,66,34,7
I,84,61,18,65.6,16.4,6
I,85,65,22,66.7,20,7
I,85,64,20,61.1,21.2,7
I,85,62,18,60.2,16,7
I,86,68,0,85.6,23,8
I,86,63,19,75.6,20.9,8
I,87,63,22,73.7,24,7
I,88,68,24,87.6,24,9
I,90,66,21,89.6,24,9
I,91,69,21,80.1,25.2,8
F,91,73,23,86.1,24.9,8
I,91,66,20,74.4,22,8
I,92,72,21,93.2,22,7
I,92,70,21,74.1,22.8,9
F,92,73,25,95.7,28.2,8
I,93,68,22,69.2,22.6,11
I,94,73,20,82.2,27,8
I,94,71,36,96,30.1,8
I,94,71,24,78.6,23,8
I,95,71,20,100.7,28,8
I,95,76,24,88.2,30.1,8
I,95,72,22,98.4,30,8
I,96,74,25,108.7,33,9
I,96,71,23,94.5,26.4,8
I,96,73,20,92.2,27,8
I,99,71,24,99.3,29.9,8
I,99,76,26,102.5,32,7
M,99,79,24,110.6,33.4,8
I,100,76,27,118.8,31.3,9
M,100,84,27,135.3,41.3,9
I,100,75,29,115.9,37,9
I,100,82,28,132.3,39.2,9
I,100,75,25,113.9,31.4,7
I,100,79,28,124.3,39,9
I,101,81,26,120.3,36,8
I,101,76,24,118.8,36,7
I,101,79,21,110.2,34.2,8
I,103,76,24,125,32,7
I,103,84,27,142.2,41,13
I,103,80,27,139.3,35,9
I,104,80,26,116.5,36,10
I,104,79,25,132.6,38.1,9
I,105,80,25,139.3,32.8,9
M,105,84,31,168.4,40.9,9
I,106,83,26,138.8,33.4,9
I,106,84,31,162,38.4,10
I,106,83,22,114.9,37.8,9
I,106,85,26,153.5,42,9
I,107,80,27,120.5,30.8,9
I,107,83,30,115.3,45,8
F,107,82,26,142.9,41.5,9
M,107,87,30,143.4,38.8,9
F,108,84,29,173.1,43.5,10
I,108,84,28,145.3,45.8,9
I,109,87,27,154.3,45.4,8
F,109,89,30,160,41.4,9
I,109,86,30,145.7,50.9,10
I,109,81,27,118.9,37,8
I,110,86,29,157.9,44.6,11
F,110,81,25,130.2,40,9
M,110,86,30,174.9,49.6,9
I,110,87,28,150.7,46.5,10
I,110,85,27,146.1,43,9
M,111,88,28,174.1,51,9
I,111,86,31,147.9,56,10
I,111,86,28,153.3,46,9
I,111,85,29,158.1,45,9
I,112,85,27,164.1,47.2,9
I,112,85,29,137.6,43.3,9
F,112,89,31,244.8,53.9,10
I,112,91,29,194.8,47,9
I,113,88,35,174.7,42,11
F,113,90,29,169.9,45,8
M,113,89,30,159.2,43.8,8
M,113,78,25,148.8,33.7,11
I,114,90,29,150.2,44.3,10
I,114,90,27,158.8,49,8
F,114,92,27,195.9,53.1,9
M,114,87,34,174.6,54.1,10
I,114,88,26,153.3,40.4,10
M,114,87,25,179.3,55,9
F,115,84,27,171.4,42.5,10
F,115,96,33,215.6,61.2,9
M,115,92,31,178.4,44,10
M,116,92,31,287.9,59.1,10
M,116,91,27,159.1,40.8,10
F,116,89,30,171.6,50.6,8
M,117,93,31,182.9,47,9
M,117,98,37,234.2,67,10
I,117,95,32,210.1,57,10
M,117,92,33,222.7,54.8,10
M,117,94,33,281.8,59,10
M,117,95,30,213,57.7,10
M,117,90,36,159.9,47.4,8
I,118,89,27,154.3,46,9
M,118,94,36,237.4,62,9
M,118,91,31,177.1,55,10
F,119,93,30,196,45.1,10
F,119,93,31,205.2,61,12
M,120,95,34,226.3,61.8,10
M,120,96,31,202.8,65,11
I,120,95,30,224,54,10
F,120,93,31,208,56,11
F,120,91,29,177.9,53.8,10
M,120,92,31,191.9,59,11
I,121,97,30,247.6,66,11
M,121,98,28,195.1,63,10
I,121,87,26,180.5,52,11
F,121,95,35,215.2,67,9
F,121,94,32,216.7,55,12
M,122,90,30,174.2,50,10
M,122,96,33,248.8,61,12
M,122,95,34,205.3,60.7,10
I,122,93,30,192.1,57.2,9
M,122,96,34,227.4,69.4,10
M,122,92,32,200,55,10
F,123,95,31,200.8,57.9,10
M,123,94,33,225.6,68,10
M,123,100,34,210.8,59,10
F,123,95,33,204.6,60.7,12
M,123,95,34,225.8,60,10
M,123,96,35,223.6,60,9
F,123,95,31,223,71,10
M,124,102,35,256.3,78,10
M,124,99,36,251.1,71,12
F,124,100,30,258.6,70.8,10
F,124,95,32,225.9,66,10
M,125,91,34,216.4,63,9
F,125,101,35,230,60.9,11
F,125,103,32,252.8,64.2,9
F,125,96,31,240.7,63.7,12
F,126,97,34,264.1,69,9
I,126,101,36,254.4,63,11
M,126,97,29,212.4,67.3,12
I,126,95,29,212.1,56,10
M,126,99,32,218.6,63,12
M,127,98,32,220.2,69.1,10
F,127,100,33,291.9,78,9
F,127,99,35,242.2,64.6,9
M,127,95,34,238.7,73.3,10
M,127,102,31,197.2,62,10
M,128,113,46,304.2,81.2,15
M,128,105,36,262.7,81.5,10
M,129,102,32,236.7,69,11
M,129,100,39,280.2,74.5,10
M,129,105,32,301.5,86.5,11
F,130,101,33,232,69.8,11
F,130,118,44,332.4,87,11
M,130,105,35,307.3,81,11
M,130,102,38,308.4,75,9
F,130,102,34,313.4,78.2,10
F,131,105,38,271.9,79.7,10
M,131,107,41,328.9,92,13
F,131,104,38,290.9,76.6,10
M,131,98,35,271.7,73,10
F,132,99,42,309.6,78.5,10
F,132,103,34,267.4,71.5,10
F,133,106,36,298.2,87,10
F,134,106,45,312.3,74.5,11
F,134,101,35,202.9,74.9,10
M,135,109,37,347.5,93.8,13
M,137,109,41,358.5,92.2,9
F,139,113,38,352.7,99.5,11
F,140,109,26,311.2,39,12
M,141,113,103,442,102.4,10
M,141,111,43,428.2,105.6,11
F,141,114,36,306.9,86,12
F,142,110,34,322.8,90,11
F,144,115,34,386.7,102,13
M,144,115,43,434.6,107.3,12
F,145,120,40,347.4,119,11
F,146,116,38,347.5,104,11
F,147,113,41,425.5,113,12
F,149,114,43,450,111.6,9
F,150,122,47,501.7,122.4,14
F,163,130,50,451,159.5,14
I,28,21,7,2.8,0.8,3
I,46,33,12,10.3,7.2,4
I,73,53,27,44.3,12.1,7
I,73,51,16,39.7,10.6,5
I,74,54,19,46.4,12.3,6
I,75,56,17,63.1,13.4,7
I,77,60,18,49.4,13.5,5
I,79,59,18,60.5,15.3,5
I,80,58,22,65.8,16.5,6
I,80,60,18,56.3,16,7
I,81,62,19,68.5,17.1,8
I,81,58,18,56.5,16.3,7
I,81,60,21,60.8,16.1,6
I,82,64,19,58.1,14.6,5
M,83,63,23,77.9,20.6,9
I,85,68,21,77.8,17.6,6
I,86,68,21,88.1,21.5,6
I,88,68,21,73.8,20.3,5
M,88,64,24,91.3,20.5,8
I,88,73,22,89.3,22.7,9
M,90,67,25,89.5,22,6
I,91,67,27,100.2,21.3,7
I,92,71,22,87.2,25,8
I,94,69,28,92.3,23.2,9
I,94,70,25,86.3,23.5,6
I,94,71,24,73.7,27.3,6
M,95,74,25,129.8,28.4,8
I,95,73,23,91.8,23.3,7
F,95,73,23,113.2,26.7,7
I,96,72,25,108.4,29.4,7
I,97,76,24,94.5,29.4,6
M,97,78,17,128.7,39.6,8
M,97,74,26,105.2,31.1,6
F,99,76,24,114.6,28.8,7
M,101,77,21,110.5,31.1,9
F,101,76,27,137.1,32.2,9
I,103,79,25,111.2,34,8
M,103,85,29,187.3,43.7,8
I,103,80,25,112.5,34,7
M,104,80,25,111.8,29.8,8
M,105,80,28,144.1,34.7,8
I,106,86,26,140.9,37.8,9
M,106,80,25,151.5,35,8
F,109,82,28,148.1,40.6,9
F,110,86,28,168,38.9,8
M,110,85,32,158.6,43,9
F,112,86,30,174.9,44,8
F,112,87,30,174.3,36.7,9
M,114,89,30,197.5,49.8,8
M,115,93,30,216,47.6,9
M,115,92,33,183.1,47.7,8
F,116,92,35,233,61.1,9
F,116,87,28,190.6,41.9,9
M,117,91,30,181.2,46.7,8
M,118,88,30,174.5,49,8
F,118,93,30,230.2,50.3,9
F,118,92,29,198.1,55,8
F,119,91,32,208,57.6,9
M,120,91,31,189,50,8
M,120,93,40,251.8,71.4,9
F,121,97,33,190.3,55.3,11
F,121,97,32,240.2,76,9
F,121,103,34,257.8,66.3,9
F,122,97,34,220.1,61,11
I,123,95,26,168.5,50.2,8
M,124,97,31,209.8,50,10
F,124,87,31,202.4,55,8
M,124,96,33,214.5,62.4,9
M,125,104,35,282.1,69.3,10
M,125,94,36,227.2,61,11
M,126,94,29,220.1,55.2,9
F,126,100,35,222.1,65.8,10
M,126,91,30,226.3,61,9
M,126,96,30,254.2,62,11
F,126,98,45,267.2,64.9,10
F,127,101,29,226.9,63,10
M,127,102,37,261.6,75.4,8
F,128,103,41,306.7,80.5,9
F,129,103,35,309.2,83,10
M,129,102,31,307.8,86,11
F,129,101,33,263.6,67,11
F,130,109,35,304.9,99,10
M,130,103,35,293.2,80,10
F,130,100,32,276.5,63.9,9
M,130,97,28,235,43,8
F,131,108,43,311.1,88.8,11
M,131,102,43,356.7,83.9,11
M,132,101,33,274.8,69,10
F,133,103,36,277.8,79,10
M,134,109,40,340.5,82,11
M,134,102,35,305.3,69,10
M,134,100,38,303.8,83,10
F,136,100,37,348.2,93.7,12
M,136,103,34,322.3,79,11
M,138,105,40,356.5,92.2,12
F,140,110,34,336.8,64,11
M,140,111,40,371.6,119,11
M,141,112,33,335,77.6,10
M,144,113,40,421.1,98.8,12
M,145,115,48,442,100.3,13
M,148,114,36,374.5,89.2,10
M,150,110,36,378.6,89,11
I,42,34,9,9.5,2.6,5
I,57,42,11,20.2,6.7,5
I,59,43,14,24.2,8.1,6
I,60,46,17,23.4,8.3,6
I,61,45,18,29.3,8.3,6
I,67,51,16,33.6,10,5
I,70,52,15,36,11,5
I,71,54,15,35.5,10.8,6
I,71,52,18,39.7,11.6,7
I,72,54,19,40,12.2,8
I,72,55,15,44.1,13.2,7
I,72,53,15,36.9,11,7
I,73,54,17,44.5,13.2,7
I,74,54,19,43.5,13,6
I,75,56,16,43.3,14,7
I,76,57,19,48.6,15,7
I,76,58,20,47.4,16.4,6
I,77,58,18,47.3,15.2,8
I,77,56,19,51.4,14,7
I,77,60,18,61.6,16.7,8
I,78,60,18,50.4,16,7
I,78,57,20,56.2,15.4,7
I,78,58,20,44.5,14.6,7
I,82,60,18,60.8,19.1,8
I,82,60,18,56,15,8
I,83,65,20,62.6,19.3,7
I,85,65,22,63.4,18,8
I,85,63,16,60.6,19,7
I,87,67,20,65.9,22,7
I,87,65,22,73.4,21,6
I,90,68,19,64.9,21,8
I,90,67,22,83.9,26.9,7
I,91,72,23,91.4,29.4,10
I,92,70,22,80,24.1,7
I,92,71,22,85.1,26,7
I,93,74,24,87.3,29.4,9
I,93,69,22,78.6,24,8
I,94,71,25,99.8,31,8
I,95,72,29,126.5,38,8
M,95,72,20,85.7,22.4,7
I,95,72,25,98.1,25,8
I,96,74,25,94.8,35,9
I,96,74,24,107.2,30,8
M,96,71,32,92.8,47.8,8
I,97,75,26,120.5,32,7
I,98,75,23,92.3,28.6,8
I,98,80,27,124.8,33.8,8
I,99,74,25,94.3,30,8
I,99,80,21,120.4,38,8
I,100,80,24,123.2,38.7,8
I,100,78,24,119.1,34.6,8
I,100,75,28,111.8,33.8,9
I,102,79,26,120.5,32.4,7
F,103,75,22,121.3,30,6
I,103,72,25,94.5,27.6,9
I,103,70,21,94.9,25.5,10
I,103,79,25,132.7,34,8
I,103,78,25,114.1,37,8
I,104,82,29,129.2,33,9
I,104,78,26,110.9,37.9,7
M,105,83,29,169,57.5,8
I,105,78,24,132.8,35.6,9
I,105,76,27,123,35,8
I,105,80,28,130.8,33.8,7
M,105,80,31,141.4,45,9
I,106,84,24,119.3,35.4,7
I,106,86,27,125.1,42.7,10
I,106,80,29,111,39,9
I,106,84,26,167.3,49.8,11
I,107,80,26,131.4,35,7
I,108,86,34,167.2,48,9
I,108,85,28,148.4,50,9
I,108,86,28,163.9,45.9,9
M,108,91,28,194.4,53.8,10
I,108,84,28,125.5,47,9
I,108,85,26,144.1,45,10
I,108,85,27,137.2,42.6,8
I,109,80,26,137.2,36,9
I,109,75,24,108.6,34.5,8
I,109,84,25,143.4,44,8
M,110,87,28,152.5,51.8,10
I,110,85,30,127.8,43.4,9
I,110,84,27,163.2,46,12
I,110,83,29,156.3,44.3,8
I,110,85,30,153.3,42,8
I,111,79,26,111.7,34,9
I,111,87,28,153,41.2,8
I,111,92,29,180.1,55.3,11
I,112,89,30,164.5,47.2,10
I,112,88,26,144.7,40,8
M,112,85,27,169.8,52.9,10
I,113,84,31,148.6,46.2,9
F,113,88,30,172.6,54,9
M,113,88,25,160.4,43,9
M,113,86,30,166.2,43.8,10
F,114,90,27,156.1,42,8
M,114,90,28,159,49,9
I,114,87,34,169.6,50,9
I,114,86,29,166.6,56.3,10
I,114,89,31,173.4,56,9
I,114,89,29,148.1,36.5,12
M,115,91,33,173.4,53.6,8
I,115,85,27,159.3,47.8,10
F,115,94,31,223.2,68,10
I,115,90,25,156,47,9
M,115,94,37,197,71,10
F,115,93,39,199.3,94,8
I,115,89,34,160.3,50,9
I,115,90,27,161.4,50.8,10
F,115,87,30,206.1,72,8
M,115,89,32,167.8,47.8,9
M,115,88,32,192.3,55,13
F,116,87,30,166.8,46,8
M,116,92,31,206.7,59,10
M,116,86,26,159.6,45.7,10
I,116,89,25,141.9,47,9
F,117,89,28,182.6,50.6,10
M,118,98,33,241.4,61.8,10
I,118,90,29,204.4,53,10
I,118,92,29,180.3,52,11
F,119,87,30,180,53,8
M,119,90,28,167.6,43.4,10
M,119,90,29,191.8,50.7,10
I,119,92,30,166.7,47,8
F,120,92,31,194.7,60,8
F,120,95,30,226,61,9
M,120,96,33,183.3,54.5,9
I,120,96,34,183.5,58,8
F,120,96,36,212.9,65,10
M,120,94,33,211.8,55,9
M,120,94,32,238.8,52.7,10
F,121,91,29,195.5,55,9
M,121,95,29,176.8,54,8
I,121,94,29,160.5,44,9
F,121,96,28,198.2,48,8
F,121,94,31,194.8,66.9,9
F,121,101,36,286.8,86.2,11
M,122,95,31,196.6,53.2,10
F,122,93,32,214.5,56,10
F,122,97,30,248.1,61.7,12
M,122,94,32,204.4,58.9,9
F,122,95,32,223.1,75.8,10
I,122,93,25,184.5,52,9
M,122,94,34,223.7,62,9
F,122,97,36,255.9,71,7
M,123,94,32,203.5,56,10
M,123,95,35,244.8,62.2,9
I,124,97,36,230.8,63,12
F,124,103,31,265.1,67,12
M,124,103,35,244.2,79,13
F,124,108,33,227.8,71.4,11
I,124,98,32,213.2,61,11
F,124,96,36,244.3,62.6,12
I,124,94,28,171.3,59,9
I,124,90,27,184.8,59.3,10
M,124,96,30,253.2,61.8,12
F,124,96,35,208.1,60,9
M,125,98,33,223.3,66.5,11
M,125,95,32,216.9,62.1,10
M,125,100,34,219.7,70.8,9
I,125,94,31,239.1,62.9,12
F,125,97,35,272.4,74.1,10
I,125,97,30,208.8,55.6,9
M,126,101,34,218.3,60,9
F,126,100,36,239.3,79.9,8
M,126,98,34,234.9,67.8,11
M,126,97,33,246.6,60.7,10
M,126,99,35,253.9,65.6,11
I,127,100,33,297.8,72.3,13
M,127,100,34,286.9,83.6,12
F,127,98,35,248.7,61,10
F,127,98,34,252.3,76,9
F,128,101,33,244.7,72,10
M,128,103,36,249.4,73.7,10
M,128,105,37,341.4,88.7,11
M,129,101,30,232.1,67,10
M,129,100,35,257.2,77.2,12
M,129,100,38,311.9,76.9,14
M,129,102,38,294.9,96,9
M,129,102,39,245.2,74.9,10
M,129,102,32,266,63.4,9
F,129,102,32,248.3,63,9
M,129,100,35,267.5,83,10
F,129,102,38,272.6,72,10
M,129,97,30,244.3,66,9
F,129,96,38,274.2,70,12
F,130,99,31,267.4,67,9
M,130,101,38,254.8,78.2,11
M,130,105,37,297.6,75.6,11
M,130,102,32,276.7,73.3,9
M,131,110,36,254.8,73,10
F,131,102,30,208.6,61,9
F,131,101,38,269.7,85,12
F,131,101,39,288.1,72.6,11
M,132,100,33,263.9,68.2,9
F,132,107,35,303.5,83,12
M,132,106,39,310.1,99,10
M,132,102,33,327.5,78.5,14
M,133,105,35,288.6,70.6,11
M,133,101,32,257.8,73.3,11
F,133,101,32,258.3,64,11
M,133,104,35,274.5,79,12
M,133,100,35,259.5,63,9
M,134,101,32,251.7,61.6,12
M,134,104,33,278,60,11
F,134,104,38,264,85.5,13
F,134,110,31,313.2,70.8,10
F,134,108,39,323.8,93,11
M,135,105,32,256.7,70.9,13
F,135,102,39,276.4,79.3,10
M,136,104,39,290.7,82.5,10
F,136,102,40,321.5,94.1,11
M,137,104,30,274.7,64,11
F,137,113,35,327.6,87.6,11
F,138,110,40,313.8,92,12
M,140,113,35,371.3,108,10
F,140,107,35,354.6,102.4,15
F,141,109,34,316,53,11
M,142,115,43,401.8,100.4,11
F,142,114,39,396.1,96,12
F,142,108,41,316.1,87,10
M,142,112,44,403,113.2,11
M,144,114,40,365.5,97,10
M,144,110,41,425,102.2,13
F,144,105,36,289,87,7
F,145,113,42,428.5,100.6,14
F,146,112,38,388.5,113.1,11
M,147,118,43,349.4,111.4,11
F,148,113,41,423.8,96.4,12
F,150,113,43,387.6,115,11
M,150,119,41,444.1,126,12
M,154,124,39,503.1,128.4,12
M,155,126,50,555.9,115.6,12
I,55,35,18,46.3,14.1,5
I,75,49,20,78.8,22.5,6
F,75,54,27,119.4,33.5,7
M,78,56,25,112.8,28.6,7
I,87,60,24,119.3,32.9,8
M,89,64,24,82.8,23.4,7
I,91,67,21,84.4,20,6
I,91,65,27,164,42.2,8
I,91,69,22,86.8,24.3,8
I,93,65,28,152.3,41.8,10
M,93,72,23,115.9,24,7
I,97,73,21,104.1,36.4,8
M,97,74,31,193.6,47.3,9
I,97,69,32,173.8,63.8,9
F,98,71,32,175.9,56.5,8
M,100,74,30,212.3,59.2,9
M,103,70,31,184.5,54.6,9
M,103,79,27,201.4,50.4,8
M,105,73,34,192.1,55.2,10
M,105,76,25,130,31.8,7
M,106,82,28,150.9,42.1,8
F,107,85,27,154.2,35.9,8
I,107,77,36,216.7,60.8,8
I,109,84,33,178.7,45.6,8
F,109,83,40,271.6,80.6,10
F,109,77,30,223.7,56.9,9
F,110,76,33,241,66.9,10
M,110,84,32,268.1,68.8,10
M,114,91,35,204,58,9
M,115,88,37,205,49.7,10
I,115,90,26,162.9,42.6,10
F,116,86,34,296,83.1,10
M,117,91,29,190.6,51.6,10
I,117,90,30,178.3,50.6,8
M,120,99,35,260.1,65.7,11
M,120,93,33,207.6,50.2,9
M,121,95,35,250.5,68.6,9
M,121,95,30,230,59.4,10
F,122,95,30,222.7,60.1,11
F,123,91,29,223.1,63,10
M,124,94,29,217.3,51.3,10
M,125,99,35,250.8,63.7,9
M,125,98,37,233.8,68.8,11
M,127,99,39,234.4,69.5,11
F,127,95,30,236.9,58.2,10
F,128,95,28,214.5,62,8
M,129,100,32,276.3,63,9
M,130,105,38,322.5,79.3,11
M,130,97,32,347.9,61.5,10
F,131,104,40,309.5,93.2,9
M,131,109,38,284.9,75.6,10
F,133,103,37,268.1,87.5,11
F,135,106,35,289.3,77.8,10
F,137,107,35,316.9,84.3,9
F,139,110,37,335.8,79.3,10
M,139,106,38,345.2,91,11
F,141,109,36,307.9,92.9,13
F,144,110,39,414.6,100.3,9
M,144,112,36,317.3,88.5,11
M,146,115,42,413.8,128.6,11
I,37,27,8,5.4,1.8,5
I,48,36,11,11.1,3.6,4
I,62,43,15,25.5,7.2,7
I,68,52,17,37.7,12,6
I,70,53,16,40,12,7
I,73,54,17,39.4,13,6
I,73,55,17,44.6,15,7
I,73,54,15,44.3,14,6
I,78,62,21,53.3,16.2,8
I,81,60,18,53.8,22,6
I,82,63,19,56.1,22,7
I,82,67,21,66.1,21,7
I,83,62,18,56.3,17,6
I,83,62,20,56.1,19.5,6
I,83,62,19,62.2,23,8
I,84,65,20,73.6,22.7,11
I,86,68,20,68.1,24,8
I,87,67,20,64.9,19.6,7
I,87,66,22,76,22,7
I,87,66,21,67,21,8
I,87,69,24,64.3,23.7,7
I,89,66,22,71.6,23.7,8
I,93,74,22,89,33.2,7
I,94,75,24,97.4,27,8
I,95,68,21,90.7,29.3,9
I,97,77,26,113.6,30.8,7
I,97,72,24,103.1,29.4,8
I,97,74,23,91.4,30,9
I,99,76,27,101.9,33,8
I,99,76,29,100,30.1,8
I,99,75,28,98.8,38.2,8
I,100,76,22,112.1,30,9
I,101,81,26,119.8,45,11
I,101,80,29,140.9,41.4,8
F,102,80,24,140.1,39,10
I,103,83,27,142.5,49,10
I,103,84,30,134.5,47,10
M,103,77,22,115.7,28,8
I,104,82,22,103.7,36.8,8
I,104,83,28,127.5,33.6,9
I,104,79,25,116.1,33,9
I,104,76,23,132.9,28.5,7
I,104,77,23,116.2,28.6,10
I,105,83,24,119.2,33.9,9
I,105,81,29,139.3,42,8
I,105,80,29,121.9,35,9
I,106,86,28,135.4,46,8
I,106,86,32,144.9,48,9
I,106,79,26,115,36.6,9
I,106,81,24,126.4,37.5,9
I,107,91,28,200.3,48.8,9
F,108,85,32,189.1,59,9
I,108,79,27,131.1,38.4,9
I,108,78,25,125.1,38,8
I,109,85,28,162.9,48.8,10
I,109,86,28,137.4,50,9
I,110,87,28,159.9,47.6,10
I,110,90,26,160.8,46,6
M,111,87,28,149.9,42.8,8
M,111,82,25,119.8,38.8,8
M,111,80,26,141.5,36,7
I,111,90,35,147.6,44,9
M,111,91,27,167.4,47,9
I,112,89,33,166.4,55.8,9
F,113,89,25,166.1,46,11
M,113,83,25,133.4,37,7
M,113,91,31,187.1,52,11
I,113,87,29,168.9,51,9
M,113,90,32,179,49.2,9
I,113,92,31,174.3,50,10
M,114,92,31,200.1,53,11
M,114,91,31,166.4,55.4,11
M,114,88,35,188.3,56.6,9
M,114,83,26,176,47.6,13
F,114,88,24,160.6,46.8,9
M,115,90,26,157,45.3,9
M,115,90,31,195.3,47,9
M,115,87,27,198.4,47.8,10
M,115,91,31,202.6,59,11
M,115,89,29,175.2,54,10
F,115,93,35,219.8,70,9
I,115,90,27,174.3,45,10
I,115,90,27,164.9,47.8,11
F,115,86,31,159.1,44,9
M,115,95,29,171.4,53.8,9
F,116,90,39,165.3,45,9
F,116,100,33,185,60.1,10
M,116,88,30,209.3,55.9,10
I,116,88,29,158.1,48.4,10
M,116,88,32,165.9,49.7,9
M,119,91,30,177.2,44.6,10
F,120,94,27,194,52.8,11
M,120,92,34,236.1,65.8,11
M,120,95,30,198,62.1,10
F,120,93,32,226.6,59.6,11
I,121,98,33,214.2,70.4,10
F,121,91,29,172.4,60,9
M,121,94,36,223.1,64.2,10
M,122,96,28,206.2,54,8
F,122,92,29,223.7,59.7,10
F,122,92,31,191.4,53,8
F,122,94,33,235.7,58.8,11
M,123,94,29,205.7,57,11
M,123,94,30,217.5,53.7,9
F,123,99,32,251,64.5,12
M,123,99,40,243.8,77.7,10
M,124,98,32,207,57,11
M,124,98,30,239,71,9
F,124,99,34,212.4,68,11
M,124,99,39,302.9,103.9,15
M,124,94,30,261.8,65,9
M,124,97,31,205.9,67,12
M,125,99,31,209.7,64.3,11
M,125,103,34,266.2,72.2,9
M,125,101,37,231.3,70.7,10
F,125,89,32,218,60.8,11
F,125,104,36,270.8,75,11
F,125,94,29,196.8,53,11
M,126,98,31,250.5,57.8,9
F,127,97,33,253.9,67.9,11
F,127,104,33,268.1,82.4,11
F,127,101,31,257.9,69,11
M,127,105,32,239,67,12
M,127,100,33,254.6,73,12
M,127,103,33,245.8,70.7,10
M,128,106,33,237.9,70,11
F,128,96,29,222.9,68,10
F,128,103,33,262.3,82,10
I,128,98,27,220,58.5,10
M,128,98,31,225.7,68,9
F,128,97,37,283.9,65.1,11
F,129,102,36,323.9,93.5,12
M,129,98,35,264,67.7,11
F,129,104,42,310.7,94.8,16
I,130,104,30,247.6,66.1,10
F,130,102,31,237.8,72.9,13
F,130,102,37,275,79.7,10
F,131,103,36,282.4,99.4,11
F,131,105,35,269.6,78.8,10
M,131,104,34,228.9,69.6,9
F,132,107,41,288.3,98,10
M,132,102,35,243.6,74,11
F,133,100,30,249.5,71.9,10
M,133,103,40,253.9,87.2,12
M,133,105,36,285.8,80,12
F,134,106,41,280.3,83.2,12
M,135,103,30,262.4,82.3,11
F,135,102,37,294.6,84.9,11
M,136,108,38,324.6,94.3,12
M,136,108,31,306.8,76.8,10
M,137,107,31,276.9,81.5,10
M,138,110,36,338.3,100,11
M,139,109,37,314.3,90.1,13
F,140,115,41,354.6,107.6,13
M,140,110,35,288.1,75,12
M,140,110,39,324.9,107,13
F,141,107,44,373.2,87.9,10
F,144,115,36,334.1,100.2,12
M,144,113,38,416.2,100.6,11
F,145,114,41,323.9,97.6,11
F,150,110,39,366.5,88,11
M,152,121,43,434.6,129.2,13
I,27,26,8,5.8,1.6,4
I,32,22,5,3.9,1.2,4
I,42,30,11,9.3,3,5
I,56,42,15,23.9,6,6
I,56,40,13,17.9,6,7
I,57,43,12,18.7,6,6
I,58,42,14,22.3,6,5
I,58,42,12,23.9,6,6
I,58,42,13,19.4,6,6
I,64,48,14,26.6,8.2,6
I,65,50,14,34.9,8,7
I,67,50,16,33.9,9.9,6
I,70,47,16,34,9.9,7
I,70,50,14,32.1,9.2,6
I,71,54,21,54.2,14.7,9
I,72,54,17,43.7,12.4,6
I,72,54,17,39.2,10.6,7
I,75,56,16,45.2,13,6
I,75,55,17,44,12.1,7
I,79,58,19,60,15.6,7
I,81,50,18,57.5,16.1,7
I,83,65,22,63.2,18.5,8
I,85,63,19,73.5,19.7,7
I,86,64,22,73.5,21,8
I,87,65,24,69.2,19,7
M,90,66,21,99.1,25.8,8
I,92,70,22,93.5,27.5,7
M,94,73,27,104.4,29,10
I,94,75,21,88.2,29,10
I,95,73,24,103.7,27.3,8
M,101,78,24,130.6,33.4,9
M,101,79,27,118.3,37,12
M,101,77,23,96.5,30.7,10
I,102,91,27,137.1,40.7,9
M,103,80,28,126.7,33.6,9
M,105,82,26,137.5,35.3,9
F,106,86,30,148.2,39.2,9
F,106,81,26,127.1,37,9
M,109,88,28,167.9,47.7,11
F,110,94,30,184.1,53.5,10
F,112,82,32,164.3,50.6,9
M,113,89,29,185.1,49.5,9
F,114,87,30,165.9,49,10
M,116,92,32,212.6,52.5,9
M,118,93,33,223,55,10
F,120,90,28,167.4,48.5,10
M,121,89,28,196.4,59,12
M,122,98,32,222.4,68.2,10
F,125,103,36,269.7,78.5,14
M,132,103,39,313.1,77.2,9
I,51,38,12,17.2,5,5
I,54,39,13,21.3,5.7,5
I,56,43,16,26.4,6.6,5
I,57,43,14,21.5,5.4,6
I,64,51,17,34.9,11.4,8
I,65,48,14,30.4,10.8,8
I,77,56,20,55.1,14.5,8
I,79,59,20,58.6,16.4,7
F,80,61,32,73.6,21,7
I,81,62,18,62.4,17.4,8
I,83,61,24,67.2,16.1,7
I,84,63,23,71,17.4,6
I,88,61,23,75.8,22,9
I,89,64,24,75.6,24,8
M,90,70,26,93.1,27,8
F,91,71,226,118.8,26.7,8
M,92,69,24,98.7,26.4,8
M,92,69,22,91.9,23.2,7
M,93,72,22,99.1,24.2,7
I,93,71,18,86.5,25.5,9
F,95,76,28,137.8,39.1,7
I,96,70,27,109.3,31.6,8
M,97,78,27,123.4,32.7,8
I,98,74,22,107.6,27.8,8
M,100,78,27,156.3,47.7,9
F,100,76,28,127.1,35.7,8
M,101,77,26,128.7,30.3,7
M,105,77,20,102.3,29.1,8
M,107,84,25,147.6,35.9,8
F,107,84,26,139.8,40.7,8
F,108,77,28,153.1,47.3,10
F,108,84,26,150.1,36.9,9
F,109,86,32,168.8,46.2,9
M,110,82,26,174.1,42.6,9
I,110,84,23,133.6,41.8,11
F,113,88,27,166,47.6,9
M,116,90,24,173.7,52.1,8
F,116,87,30,167.8,38.4,7
F,117,97,30,215.8,71.2,11
M,119,93,30,183.8,52.4,9
F,120,94,38,226.9,67.5,10
F,122,86,28,181.8,44,8
M,122,96,33,248.7,74.4,8
F,124,98,32,211.2,54.5,9
M,129,99,30,241.9,67.8,9
M,130,100,28,247.6,64,8
F,133,105,42,328.8,85.5,10
M,137,110,40,354.5,98,11
F,138,108,39,250.5,92.4,12
F,141,114,37,352.2,97.6,10
F,142,100,30,263.3,56,10
M,144,117,44,382.8,95.8,11
F,144,115,43,420,120.4,12
F,146,111,36,337.9,98.7,10
M,155,114,44,406.4,131.7,17
F,101,78,23,132,35,8
M,106,85,26,149.1,49,10
F,101,77,23,123.2,42,11
I,81,61,18,56.5,19,7
M,83,60,20,67.1,19,7
M,100,78,29,130.2,44,11
M,85,66,16,72.2,25,7
M,94,70,20,95.5,35,8
F,80,62,23,69.3,23,10
I,74,58,20,50,17,10
M,100,76,31,132,43,19
I,82,62,22,63,19,9
M,75,58,20,55.2,17,9
F,98,77,25,107.9,33,11
M,117,96,37,208,57,10
M,119,91,31,208.2,73,14
F,135,110,36,337.7,120,15
M,133,107,45,436.7,177,27
M,124,98,34,242.1,67,13
I,65,50,11,33.2,9,5
I,91,71,16,90.4,25,9
M,105,81,26,143.7,35,8
I,77,58,18,46.4,16,7
I,26,19,7,2.1,0.7,4
I,36,26,9,5.5,1.8,3
I,62,45,10,28.9,9,6
F,75,58,16,56.4,16,7
F,96,76,24,121.6,37,8
I,91,74,25,86.6,29,9
M,85,65,20,65.9,22,7
I,95,72,22,91.1,29,9
F,87,70,24,91.7,26,11
F,58,42,15,55,7,6
M,77,59,19,67,18,7
M,94,75,23,85.3,30,8
F,100,80,25,115.3,37,10
I,80,62,20,25.4,17,7
M,124,102,35,230.1,80,12
M,119,94,30,178.3,49,12
M,117,91,28,194,59,9
M,64,48,16,36,11,6
F,104,82,25,139.7,43,10
M,88,70,22,91.7,26,9
F,88,66,23,80.1,24,8
M,113,85,20,142.9,36,12
F,112,85,25,186.4,67,9
F,118,91,35,193.2,62,10
F,114,93,36,199.9,59,16
M,136,106,41,299.2,93,14
F,90,72,25,101.3,32,10
I,64,48,15,34.7,10,7
I,92,70,22,78.9,25,9
M,94,74,21,93.3,31,10
M,91,70,21,80.2,27,9
F,83,65,23,69.1,22,9
M,93,70,24,104.1,37,11
M,92,75,27,98.7,34,12
M,83,62,18,64.9,23,8
M,54,39,14,21.2,7.2,7
M,89,71,22,88.3,30.1,10
F,149,117,38,393.2,117.1,18
F,80,60,23,60.5,18.7,8
I,56,40,15,24.5,7,5
M,110,88,27,175.8,53,10
M,116,92,33,245.5,87,16
M,122,100,33,254.3,98,12
M,124,99,35,361.2,145,17
M,112,84,39,161.7,57,14
F,128,102,40,278.1,82,12
M,138,110,40,369.3,114,19
F,143,113,48,439.9,177,17
F,142,113,39,363.4,98,11
F,110,94,30,179.4,58,9
M,75,61,18,64.9,19,5
F,122,90,32,227.2,60,9
I,76,56,17,54.7,17,6
F,74,55,17,48.1,14,5
M,67,47,17,30.9,9,6
I,33,23,3,2.9,1,4
M,57,42,15,23.7,8,7
I,38,26,6,5.9,2,6
I,43,30,6,7.7,2,5
M,119,93,25,159.8,46,10
F,129,100,34,236.9,71,13
M,115,90,37,185,70,12
F,114,90,34,219.6,81,20
F,116,90,47,214.2,79,14
F,119,96,40,195,68,15
F,119,94,50,256.6,89,14
F,125,84,33,211.9,89,21
M,107,84,33,183.9,52,16
M,110,86,32,185.9,71,13
M,99,80,31,161.7,70,6
I,64,47,16,29.7,9,6
M,89,68,24,89.5,26,9
F,104,80,25,137.3,37,9
M,99,77,27,126.7,52,14
M,94,74,27,109.4,34,12
F,98,74,28,117,39,10
M,116,94,33,185.4,63,11
M,129,99,37,298.7,91,15
F,115,97,33,208.1,60,14
I,43,34,11,12.1,4,6
I,86,65,22,73.5,24,13
I,52,43,16,19.8,9,5
I,74,56,18,46.6,14,11
I,81,61,21,72.5,25,10
I,54,38,16,16.2,6,6
F,136,110,40,319.2,117,21
F,130,103,39,280.1,88,13
F,129,98,43,281.2,102,25
M,114,81,32,184.9,59,19
M,123,96,38,272,94,18
M,84,69,21,86,26,7
I,55,44,16,27.3,8.4,6
F,58,45,15,28,8,5
M,84,68,23,84.3,27,8
F,125,105,43,315.3,133,16
F,110,93,36,242.5,105,27
M,132,101,40,326.1,122,18
M,113,94,39,228.4,70,17
F,119,99,47,273.2,104,13
M,126,102,46,307.8,114,17
F,86,65,24,89,31,8
F,91,70,28,114.5,35,10
I,66,52,16,38,13,7
F,103,83,26,152.8,50,13
M,99,78,30,170.6,54,14
F,97,75,29,117.7,38,13
F,107,92,29,157.5,40,8
M,116,93,35,207,77,17
F,125,105,39,270.4,106,13
F,111,91,36,191.6,78,14
F,110,85,29,159.4,53,9
M,118,95,31,171.4,56,13
I,71,56,22,44.7,16,7
I,55,40,15,17.2,6,7
F,101,78,35,138.4,43,12
M,74,56,19,44.5,15,7
M,111,86,33,151.5,55,13
F,101,80,33,145.8,50,9
F,112,89,36,180.6,59,9
M,119,95,34,219.3,70,17
F,114,90,33,180.6,59,14
M,120,96,35,245.8,83,13
F,112,87,37,221.2,66,15
M,117,93,38,234.2,80,17
I,92,67,22,88.8,22,8
F,92,72,23,95.1,32,8
M,83,63,25,77.6,25,12
F,87,64,24,75.7,25,11
F,95,76,27,97.2,37,7
M,93,72,26,105.3,33,10
I,71,56,20,45.5,17,11
M,92,75,28,102.1,41,9
F,76,65,22,62.1,21,10
F,94,73,24,108.6,30,9
M,72,54,18,44.5,15,6
F,117,91,33,199.6,63,12
M,131,118,40,309.1,83,11
M,120,97,35,253.5,76,13
F,114,92,34,220,76,14
F,129,100,40,285.7,72,11
M,130,99,36,358.6,106,14
M,102,79,29,123.7,48,12
M,104,76,27,116.5,35,8
M,99,83,33,149.7,57,13
M,86,67,23,81.2,27,8
F,118,93,32,220.1,59,13
M,110,92,35,173.8,64,10
M,117,86,32,191,54,11
F,116,91,32,184.3,60,17
F,124,102,30,291.2,64,13
I,118,90,32,178.6,69,14
F,144,115,43,445.2,124,13
F,127,102,35,242.5,72,14
F,122,96,35,213.5,84,15
F,109,89,35,170.5,59,13
M,114,90,32,172.3,51,12
F,120,95,36,232.4,64,18
F,104,82,34,174.1,50,14
M,127,102,42,319.6,116,15
F,134,104,30,281.2,74,13
M,139,114,40,406.6,137,15
M,131,105,37,251.8,89,20
F,124,96,46,218.7,71,14
F,120,95,36,236.1,85,19
M,102,81,26,143.5,34,9
M,105,81,27,151.5,39,10
M,88,75,26,97.4,31,9
I,97,83,28,114.1,37,8
F,99,77,26,138.1,35,10
I,87,69,24,89.5,25,7
I,81,63,21,69.4,20,9
I,84,66,20,70.4,20,9
F,100,79,30,142.9,39,9
F,77,61,21,66.3,20,7
I,66,53,18,36,12,6
F,116,95,31,194.8,57,10
I,65,54,20,37,13,6
M,95,75,24,112.6,37,10
F,76,60,18,64.3,19,9
I,68,52,18,35.8,11,6
M,105,85,24,140.4,44,12
F,104,83,29,160.9,57,10
F,107,90,27,161.5,50,13
M,95,72,24,115.6,34,8
I,83,65,20,77,25,7
I,99,77,25,117,33,8
F,96,81,26,127.5,42,10
F,104,85,30,162.6,46,10
M,92,75,26,114.7,39,9
F,116,91,24,188,53,11
M,118,98,27,201.6,57,11
F,110,83,27,155,52,23
F,130,100,33,228.9,73,12
F,93,75,27,120,46,16
M,91,71,26,103,35,11
M,94,75,26,115.9,39,13
F,87,70,22,76.8,25,13
M,70,53,22,59.3,17,7
I,63,48,14,27.4,8,8
M,119,94,29,198.2,68,16
F,116,95,27,185,55,14
M,115,87,30,161,54,17
M,107,87,31,178.3,50,13
M,103,84,28,153.8,58,13
F,101,77,27,123.7,40,12
F,101,79,29,130.3,41,15
I,80,62,20,57.5,19,10
M,98,79,27,110.9,43,14
M,106,87,27,147.3,44,12
I,79,65,21,61.2,19,8
F,133,107,38,299.2,95,17
F,83,61,21,72.1,20,10
M,86,69,23,60.9,24,11
M,95,79,27,118.4,40,13
F,105,85,29,159.9,48,15
I,96,78,29,116.5,51,15
I,84,69,23,68.7,23,9
M,118,92,31,181.2,67,15
F,103,84,27,125.9,43,9
M,139,110,44,310.3,89,13
F,160,126,39,505.2,124,23
M,122,98,30,220.6,72,23
F,113,96,35,191.4,55,18
M,112,91,33,172,49,11
M,131,97,39,324,97,17
M,128,104,40,281.4,91,17
F,118,94,34,180,50,11
I,62,48,18,29.1,9,7
I,51,37,14,15,5,6
I,34,25,11,4.7,1.6,6
M,134,110,34,249.4,80,21
F,142,113,39,345.3,113,17
F,112,86,25,160.5,52.6,13
M,101,80,26,152.8,43.5,11
M,105,86,33,172.9,50.3,16
F,90,72,21,94.3,29.8,9
F,103,87,34,126.2,43.2,12
M,118,95,32,189.1,54,19
M,140,106,38,263.7,84,18
F,144,112,35,345.3,105,17
M,127,99,30,216.2,62,11
M,111,88,27,180.5,56,13
M,115,94,30,228.3,80,13
M,117,91,25,205.4,50,17
F,122,97,42,268.9,103,20
F,129,105,40,289.8,101,13
F,109,88,35,154.9,53,11
M,110,90,31,157.9,50,12
F,132,105,41,273.3,82,18
M,114,95,39,205.9,61,18
F,120,94,40,206.2,58,15
F,126,101,33,213,63,12
M,139,114,46,377,100,19
M,130,109,32,248.5,96,15
F,144,119,45,393.8,132,16
I,112,88,34,188.9,60,12
I,84,65,23,70.8,21,8
M,36,25,10,4.6,2,3
F,81,65,22,71.5,22,12
F,100,81,30,119.3,37,12
I,87,67,22,76.6,27,12
M,68,55,18,41.3,14,10
F,86,68,22,76.4,21.8,8
I,107,82,31,126.3,36.3,12
I,83,65,23,65.7,21.2,12
F,72,53,18,43.3,14.7,10
M,35,27,8,6.1,2,5
M,31,23,5,4.8,1.5,5
I,105,86,30,147.3,43,11
F,105,78,27,120.1,42,16
F,88,69,21,85.7,26.4,11
F,90,69,23,99.2,28,12
F,97,73,28,123.9,35.4,14
I,94,70,27,113.4,30.5,11
I,103,75,28,130.1,44.3,10
M,84,68,25,89.9,28.8,11
F,91,70,25,89.7,26.7,16
M,74,58,18,48.2,13.8,10
M,66,50,18,39.4,12.1,10
I,60,44,18,28.5,8.6,7
I,125,92,32,247.9,76,14
I,122,95,34,207.7,64,14
I,125,93,31,194.4,70,14
I,127,101,38,266.3,87,17
I,100,77,31,152.4,38,14
F,106,86,34,155,47,17
I,89,66,20,87.4,34,13
F,117,83,31,139.7,39,12
I,88,71,33,87,28,16
M,58,45,16,25.9,9,10
I,111,91,34,168.7,60,15
I,131,103,29,250,63,15
F,116,92,37,203.4,64,10
I,125,86,35,282.2,79,12
I,124,97,34,241.6,66,15
F,128,100,30,214.1,72,8
F,101,75,23,117.9,33.4,10
I,100,79,24,107.4,35.7,9
M,62,49,19,30,9.6,7
F,101,76,29,130.2,34,12
I,84,61,22,56,19.1,9
M,80,63,21,57.4,22.6,10
M,85,63,25,70.5,26,18
M,62,47,12,24,8,11
F,93,70,26,98.8,31,18
F,93,72,24,95.3,32,10
M,70,51,17,42.9,12,13
I,104,83,32,119,52,15
F,95,73,26,96.1,29.5,12
F,82,63,22,64.2,19,10
M,52,40,13,19.2,6,6
I,115,90,34,186.3,52,13
I,113,87,31,156.4,57,14
M,52,38,15,18.9,6,6
F,106,77,25,133.9,36,10
M,68,51,19,42.6,14,9
I,104,76,28,105,37,11
F,127,100,36,262.4,97,18
F,122,97,33,217.4,76,11
F,132,103,36,304.6,111,16
I,127,100,36,263.8,98,16
F,93,76,27,115.8,44,14
M,103,80,32,163.5,60,23
I,67,48,19,34,11,9
F,103,80,34,159.2,56,16
F,69,51,20,39.4,12,9
M,93,71,25,105.1,29,13
M,108,83,34,175.8,51,10
M,95,71,25,92.5,29,9
F,89,67,28,91.3,28,11
M,100,71,28,105.6,28,9
M,100,76,27,116.7,36,12
F,110,87,34,176.8,56,14
I,55,41,16,19.2,6,6
F,70,53,18,37.1,12,7
F,74,57,21,54,16.7,9
F,84,66,25,92.6,29,10
M,70,52,18,39.6,12,10
M,79,61,21,56.4,19.2,9
I,65,40,16,19.9,6.4,8
I,55,40,13,18.4,5.4,5
I,47,34,13,12.5,4.4,6
I,50,36,12,14.6,4.5,5
I,50,37,13,14.2,4.5,5
I,40,29,10,7.2,2.2,4
F,117,94,34,219.8,71.6,20
M,89,70,28,118.1,38,14
F,100,77,26,153.6,54,13
M,88,65,16,82.6,26,8
M,103,81,28,170.1,63,17
F,104,81,28,138.3,43,11
M,100,78,26,141.8,36,11
M,85,65,24,75.1,21,9
M,102,83,28,163.7,47,16
F,74,55,16,45.4,14,8
M,108,83,26,164.9,48,13
M,123,95,34,236.5,48,11
M,113,88,35,224.4,75,20
M,129,103,35,322.3,77,14
F,123,94,35,259.7,64,14
M,121,98,29,260,62,14
F,118,91,33,232.2,56,12
M,129,97,31,297.8,76,18
M,114,84,31,201.6,68,13
F,94,71,36,88.2,27,8
F,100,88,31,148.4,42.3,14
F,104,85,29,140,48,13
M,78,57,19,54.2,16,8
M,104,80,33,171.3,42,12
F,108,83,35,179.5,55,14
M,92,72,27,122.1,47,14
I,71,52,18,38.5,13,8
F,98,80,29,132.7,50.3,13
F,126,102,37,247,61.3,11
M,100,77,29,152.3,40.8,14
M,98,78,27,118.4,36.7,15
M,88,65,23,78,22.6,7
F,103,79,33,151.3,64.1,10
F,95,76,29,114,37.4,11
I,84,62,20,57.3,17,8
M,80,61,26,58.7,21,9
M,90,72,32,113.4,45,12
F,104,80,26,124.9,34,15
M,101,80,31,168.3,57,12
M,99,80,28,155.5,50,15
M,108,82,29,197.8,71,19
F,96,78,25,138.1,40,12
F,66,52,16,40,14,9
I,57,42,14,21.8,6.6,5
I,60,46,15,25.4,6.9,6
I,62,48,21,57.7,16.6,6
I,68,51,15,36,10.5,6
I,75,60,15,28.8,8.8,7
I,83,65,20,93.3,22.8,7
I,83,63,21,66,19,6
I,83,63,18,72.5,18.6,6
I,84,64,20,68,18.9,8
I,85,62,21,73,21,6
M,93,75,22,100,30.1,8
F,93,70,27,125.3,35,8
I,94,74,22,111.1,32.6,8
F,94,75,24,120.3,27,8
I,95,73,24,106,32.5,10
M,96,74,27,126.3,32.2,7
M,100,80,26,154.3,42.2,8
I,101,78,37,122.5,34.4,7
M,105,85,38,174.4,39.8,9
M,108,84,24,162.3,44.7,9
M,109,90,30,175.9,52.5,11
F,113,88,30,196.6,49.7,9
M,116,92,36,229,65,11
M,118,91,32,218,58.4,9
M,118,96,32,252.4,67,9
M,119,98,37,237,72.2,10
F,120,95,27,288.1,63.5,9
F,120,100,31,266.4,70,8
F,120,97,33,228.1,57.6,9
M,121,95,35,240.2,61.8,10
F,125,98,31,266,66,10
M,126,100,37,272.4,76.8,10
M,128,117,39,329.4,94.2,12
F,128,100,36,299.9,86.2,11
F,131,109,33,324.5,102.6,12
I,132,105,43,357.2,81.3,11
M,132,107,40,358.2,108,15
F,135,111,41,385,90.7,13
F,135,110,35,337.8,94.8,13
F,138,110,36,331.8,87.9,9
F,139,106,40,409.5,121.9,14
F,140,105,38,320.3,86,10
F,146,114,33,403.3,87,10
I,41,30,13,8,2.6,4
I,45,34,14,11.3,3.2,4
I,46,36,10,12.8,4,5
I,55,39,14,17.5,5.1,4
I,56,42,11,21.2,6.2,5
I,56,44,16,26.3,6,5
I,59,44,14,25.2,7,6
I,62,45,15,31,7.3,6
I,63,47,14,29.8,9.4,7
I,68,53,14,37,14,7
I,74,58,16,50.9,14,6
I,76,57,17,47.4,14,6
I,78,59,20,55.8,16,7
I,81,62,13,64.1,17.6,6
I,83,65,20,66.7,19,7
I,88,67,22,77.7,22.2,7
I,88,69,23,109,26.1,6
I,88,65,20,83.3,22,6
I,88,71,24,99,25,7
I,90,70,25,95.5,23.6,6
I,90,70,24,93.6,26.5,8
F,91,70,24,91.1,27.5,7
F,92,70,23,92,23.3,6
I,92,69,24,83.1,21.4,7
I,92,69,23,84.3,22.2,6
I,93,71,22,94.8,24,7
M,93,68,21,97.2,24.5,9
I,95,77,22,114.7,27.2,7
I,95,71,21,93.6,24,8
M,96,74,20,102.7,27,8
M,100,75,29,124.3,29.7,7
I,100,76,22,98.8,26.5,7
I,101,77,24,120.1,37,7
M,103,79,24,129.2,34.4,9
M,105,83,27,158.9,40.4,7
M,105,85,25,162.4,39,8
F,106,84,34,165.6,30.1,6
M,106,82,28,136.2,36.7,6
F,106,81,30,177.8,43,8
M,108,87,28,146.9,42.6,9
F,110,85,25,192.8,43,8
F,111,85,28,192.6,48,7
F,114,89,30,199,50.1,9
F,114,87,28,171.7,45.9,8
M,115,90,31,189.6,51.8,7
F,116,89,29,177.6,48.5,8
F,117,90,32,180.9,46.7,8
M,118,93,28,209.2,52.6,7
F,119,94,31,235.5,62,9
F,119,93,30,215.3,57.4,9
F,119,93,30,205.1,57.8,11
F,120,92,29,186.5,49.6,8
F,120,92,30,247,58,8
M,120,92,30,249.4,58,9
M,122,96,30,229.9,52.8,8
F,123,97,32,231.5,63,10
F,123,100,33,265.4,71,10
M,123,94,31,240,58.4,8
F,124,102,35,254.1,64.5,9
F,124,97,35,243.1,69,10
F,124,95,32,264.9,65.5,9
M,125,96,34,271.1,67.7,10
F,125,98,33,225.4,63.7,9
F,125,98,35,221.5,71.9,8
F,126,99,40,285.1,76,11
F,126,99,29,229.4,57.7,9
M,126,96,33,257.2,70,8
F,127,99,36,319.2,74,11
F,127,99,39,259.4,74,11
M,129,98,32,250.2,63.3,9
M,129,100,35,302.1,75.5,12
F,130,100,37,288.3,68.2,9
M,134,104,38,327.7,78.2,9
F,138,109,41,386.6,99.6,13
M,138,108,37,342,86.5,8
F,139,110,31,369.9,83.5,10
M,139,105,35,348.4,101,12
F,140,115,41,359.5,103.3,13
F,141,112,41,476.2,124.8,10
M,153,117,36,479.6,106.7,12
M,154,120,43,438.9,116.8,10
I,44,32,10,9.8,3,4
I,55,41,14,21.1,6.3,5
I,58,42,12,20.9,7,5
I,66,48,15,32.6,9.6,6
I,71,57,19,45.5,14.3,6
I,75,58,20,43.8,15,6
I,83,63,20,72.9,19,8
I,85,66,23,65.3,20.6,6
I,85,68,20,70.3,18.8,7
I,86,64,20,69.3,18,7
I,88,68,20,81.4,20.6,7
I,88,67,23,84.3,22.6,7
I,92,69,22,75.1,25,7
I,92,74,24,106.7,26.9,6
I,93,71,21,88.4,23.7,7
I,95,73,20,26.3,24.6,7
I,95,75,23,104.1,29.1,7
I,97,75,26,110.7,31.4,8
I,98,75,25,108.9,26,8
M,98,76,22,110.8,30,8
I,99,76,24,102.4,27.2,7
I,100,78,25,116.6,32.1,8
M,100,76,24,115.3,29,9
M,101,80,27,144.6,35.6,7
I,102,79,31,107.9,33.4,8
I,102,77,30,125,34.5,8
I,103,80,25,118.5,33.6,9
I,104,79,27,126.6,35,9
F,109,86,28,166.4,40.2,9
M,109,84,29,155.6,41,7
M,109,84,24,157.3,34,7
F,109,80,28,155.6,36,9
I,110,84,26,127.2,35.1,8
F,110,88,27,168.7,37,8
I,111,85,26,129.6,42.1,8
M,113,86,26,156.8,42.6,9
F,114,90,36,181.6,51,9
M,114,90,27,204,50,9
F,114,86,32,162.2,45.7,9
F,115,96,30,179.4,49.6,8
M,116,91,26,170.4,45,8
F,117,90,30,187.6,45,7
F,117,87,28,139.1,44.9,8
M,118,94,30,172.2,49.8,8
M,118,92,28,200.8,52,9
F,118,92,32,202.3,51.3,8
F,119,93,30,220.1,53,8
M,119,94,33,221.6,66.9,9
M,119,92,28,170.4,45.4,9
M,120,98,42,397.5,98.2,10
F,121,96,30,215.8,58.6,10
F,123,95,34,211,46.9,9
M,123,90,30,239.6,50.1,7
F,123,94,31,216.8,49.2,9
M,123,95,35,220.6,54.5,10
M,124,98,31,220,62,9
M,124,96,30,220.3,61,10
M,125,99,37,276.7,69,11
F,125,98,31,223,61.9,9
M,125,96,29,217,65.4,10
M,126,101,30,263.3,74,11
M,126,102,35,268.3,75,10
M,126,93,30,205.4,35.2,8
M,129,103,32,236.9,67,9
M,129,96,30,238.4,57,9
F,129,104,36,257,63.4,9
M,130,103,25,236.1,65.5,9
M,130,104,35,253.1,67.2,9
F,130,107,35,257.9,68.8,10
M,130,102,31,281.4,67,9
F,130,98,31,224.4,61.1,9
M,132,103,33,289.3,75.1,10
F,133,101,33,269.8,72,9
M,134,100,40,253.8,70.2,11
M,134,102,36,336,78.7,13
F,135,110,38,310.2,82.4,13
M,136,104,33,295.5,81.2,11
M,136,106,36,305.8,80.5,11
M,140,105,35,351.7,94,10
M,140,110,40,304.6,88.1,13
F,145,106,38,346.3,81,11
M,145,110,40,302,101.7,9
M,147,114,35,376,97.6,11
F,148,115,44,402.4,94.2,12
M,150,111,43,440.2,105.7,11
I,38,28,6,6.3,2.1,3
I,42,30,9,8,2.1,4
I,50,35,12,12.7,4,4
I,58,43,13,19.7,6.2,5
I,67,50,16,33.4,11.5,6
I,68,49,17,40.3,10.6,6
I,69,51,19,36.6,12,6
I,71,51,16,37.4,11.6,7
I,72,52,16,35.9,12,5
I,74,55,18,41.3,11.6,7
I,75,58,28,60,16.5,8
I,75,55,19,45.9,13.2,7
I,77,60,25,68.6,16.2,7
I,77,57,17,48.8,13.6,8
I,79,64,20,61.5,18,8
I,80,61,20,68.3,17.3,7
I,81,61,20,54.2,18.2,7
I,81,62,22,182,19.9,8
I,81,61,20,53.6,17,7
I,81,60,18,57.7,15.3,6
I,82,63,20,60,20,8
I,82,65,22,65.2,20.2,8
I,83,67,20,71.6,21,7
I,84,65,23,62.8,20,8
I,84,63,22,80.5,20.3,8
I,86,68,22,72.9,21,7
I,89,72,22,84.7,28,9
M,90,65,23,86.1,23.1,8
I,90,67,19,70.1,23.7,7
I,91,68,23,97.2,26.3,8
I,92,70,20,94.2,24.6,8
I,92,69,21,83,22,8
I,95,71,23,103.9,26.5,7
M,96,75,24,117.9,34.4,11
I,97,76,25,104.3,32,8
I,97,73,28,89.5,46.1,8
I,98,73,25,111.7,32.3,10
I,101,77,25,119.2,42,9
I,101,76,27,107.7,33,9
I,102,77,29,153.3,36.1,8
F,103,79,27,103.2,32.4,9
M,103,82,28,147.1,40,7
I,103,78,22,106.2,32.3,8
I,105,77,26,121.4,39,8
F,105,83,30,141.1,39.8,10
I,105,80,26,128.9,40,8
I,105,75,24,126.3,38,9
M,107,86,31,156.9,49,10
F,109,88,30,189.5,55,8
I,110,86,29,142.4,45,10
I,110,85,29,178,47.2,10
I,110,84,31,182.4,41,9
I,110,85,27,131.2,40.6,10
I,110,93,30,187.2,48.7,9
I,111,87,29,139.5,48,11
F,111,89,35,229.3,55.7,8
I,112,88,28,165,49,10
I,112,87,27,144,50.2,11
I,113,86,30,164.3,58,11
F,114,89,31,203.4,53,10
F,115,87,31,179.5,46,9
M,116,88,35,245.1,65.3,10
F,116,93,29,197.3,50,11
F,116,85,30,168.8,54.1,9
I,117,92,29,169.3,59,10
M,117,93,33,177,54.8,10
I,117,84,29,134.7,44,9
F,117,91,26,175.1,45,8
M,118,94,29,184.7,50.8,9
M,118,95,28,195.4,55,10
M,119,95,28,206.1,55.6,10
M,120,96,18,210,56,8
M,120,99,37,222.9,73.4,11
M,120,90,29,175.4,48,9
M,120,102,37,257,63,9
M,122,96,37,261.3,58,10
F,122,90,26,174.5,54.4,11
F,123,92,30,205.3,54.9,10
F,124,93,28,232.1,61.4,9
F,124,96,33,202.5,64.8,10
M,125,100,28,219.2,59,10
M,125,98,33,241,69.3,10
M,126,101,35,244.2,68,12
F,126,95,31,200.1,53,10
M,126,94,30,227.1,62.3,12
M,126,105,39,262.7,93,10
M,128,101,31,239.1,69.2,11
M,128,97,30,219.6,63.5,10
M,128,99,34,227.8,57,10
F,128,99,34,245.3,57.5,11
M,128,103,16,208.4,35,10
M,130,104,31,273.6,73,9
M,130,102,35,289.2,90,12
F,132,101,38,280.9,74.9,9
F,132,105,40,292.6,84.4,11
F,135,105,34,342.2,95,9
M,140,108,41,348,97.3,13
F,141,108,41,351.4,92.2,9
M,142,113,40,320.2,90,11
M,144,110,41,433,80.8,10
M,145,114,38,466.1,104,9
I,48,34,10,10.9,3.1,5
I,51,39,11,14.5,4.2,4
I,55,40,11,18.5,5.2,4
I,64,47,18,36.6,8.4,7
I,65,48,15,30.5,8.6,6
I,66,45,15,37.4,8.5,7
I,72,54,18,46.4,11.2,8
I,75,53,19,39.2,11.7,5
I,75,57,18,50.9,13.5,6
I,78,58,18,52.5,15.4,7
I,90,67,21,72.4,21.9,7
I,91,70,21,88.9,22.3,7
I,92,73,23,102.2,24.6,7
I,99,75,24,117.8,28.1,8
M,100,73,26,118.9,30.7,9
I,100,75,24,105.8,32,8
M,104,80,21,174.4,39.7,9
I,104,79,29,154,37.9,7
F,105,86,27,168.7,36.3,9
M,107,81,28,163.6,37.8,7
F,108,84,28,160.7,42,9
F,108,83,30,162.3,40.7,9
F,114,85,26,156.4,39.3,8
M,114,84,28,174.9,50,8
M,116,89,32,196.8,54,9
F,116,89,27,190,46.5,8
M,118,94,31,234.7,51.9,9
F,118,91,30,195.2,55.3,10
M,118,97,31,215.7,62,9
M,119,87,32,211.4,62,9
M,120,95,35,222,57,9
M,120,90,32,228.4,61.4,10
M,121,95,38,225.1,52,10
F,124,96,34,220.9,57.4,10
M,125,95,35,268.1,67.4,10
M,125,100,26,216.4,50,8
F,125,97,32,250.8,69.7,9
M,126,98,33,240.1,58.8,10
M,126,97,32,248.6,60,10
F,127,102,37,257.2,82.1,12
F,129,98,32,233.3,59.8,9
F,129,98,32,228.8,63.8,8
F,130,105,38,277,81,11
F,131,103,31,261.8,77,11
F,131,103,34,305.4,66.2,11
M,133,103,38,327.7,74.2,11
M,139,108,39,338.2,95.1,11
F,144,113,36,343.8,77.5,11
F,144,110,36,304,87,10
F,144,113,34,322.6,98.9,12
M,147,114,42,447.1,106.3,10
M,148,119,38,464.7,101,11
I,62,46,14,24.9,7.6,6
I,63,47,15,25.7,8.1,4
I,64,41,16,36.2,9.9,5
I,65,50,15,31.7,9.1,6
I,67,52,18,39.3,11.2,7
I,74,56,17,39.6,11.6,5
I,74,54,18,37.1,13,7
I,75,56,17,42.9,14.4,7
I,80,63,18,64.9,17.6,8
I,82,61,19,52.5,18,6
I,85,68,20,74.2,23,8
I,87,67,19,59.6,23,7
I,89,62,18,67.2,17.1,7
I,92,72,28,89.4,32,9
F,93,70,22,81.7,26.2,8
I,94,77,26,117.4,34.8,8
I,95,75,22,98.8,30.9,8
I,99,75,24,122.8,32.2,8
I,100,78,26,101.5,35.1,9
I,100,74,24,108.9,30.4,8
I,101,85,25,122.3,40,9
I,101,80,25,112.1,34,8
M,101,73,23,104.2,30,8
I,102,80,29,115.5,35.4,9
I,102,80,25,118.7,40.8,8
I,104,80,22,119.4,32,8
M,104,93,30,190.1,51,8
I,106,76,25,123.2,37,8
M,106,81,30,166.3,50.5,10
F,107,89,25,174.5,48,8
I,108,85,26,163.1,49.2,11
I,108,83,22,123.8,35.3,10
I,109,86,26,151.9,41.1,8
I,109,86,30,148.4,41.6,10
I,110,87,33,160.8,48.8,8
I,110,85,26,132.8,42,8
F,110,87,28,149,45.3,9
I,112,86,26,145.6,43.5,8
I,112,87,26,155.4,44.4,9
F,115,85,30,175.3,45.6,8
I,115,91,32,197.9,49.2,9
M,115,90,33,193.1,46,8
M,116,93,30,181.3,58,8
M,116,92,30,209.8,61,10
F,116,90,34,194.1,49.6,9
F,116,90,30,184,57.9,9
M,116,89,30,190.5,57.4,11
F,116,88,25,157.1,39,11
I,117,90,27,171,52,9
M,118,100,30,228.4,69,9
I,118,92,25,151,47.6,9
I,118,95,29,194.9,51.8,10
M,119,94,31,240.3,53,10
M,119,92,34,225.9,53,10
I,120,89,27,184.1,50.6,9
F,120,96,34,211.2,62.7,10
M,120,90,39,268,72.1,10
F,120,90,30,192.5,55.5,9
M,120,93,33,209.5,63,11
F,121,99,34,218.3,67,13
M,121,98,36,233.4,74.9,9
I,121,96,31,199.9,60,10
I,122,85,31,209.7,54.8,11
F,122,94,39,254.7,79.6,12
M,122,96,28,212.5,58.3,11
I,122,98,32,230.9,58.3,11
F,123,95,35,238.8,63.3,11
F,123,103,27,224.3,58,9
M,123,91,30,186.7,52.3,10
F,123,99,33,239.6,63.7,10
F,124,95,30,190.9,55.4,9
M,124,95,39,271.7,74.9,10
M,125,99,35,241.5,70.5,11
M,125,103,33,243.4,62.3,10
F,125,100,32,243.4,71,11
F,125,98,29,184,56,10
M,125,98,24,175.3,46.6,10
F,126,96,33,252.3,77.7,10
M,126,106,36,255.9,63,9
F,126,97,37,233.4,68,10
M,126,102,34,237.7,69.6,7
F,127,97,38,275.3,81.2,11
M,127,104,35,258.4,73.4,11
M,127,97,36,235.9,71,10
F,127,100,38,258,70.4,8
M,127,103,32,241.5,69,11
M,128,101,36,259.4,72.6,11
M,128,115,35,291.7,87.9,11
F,129,97,30,230.2,58.6,12
F,129,104,34,239.4,63.4,11
M,129,99,38,307.8,89,12
M,130,104,39,335.2,94,15
F,130,113,40,332.9,86,12
F,131,100,41,305.6,90.7,11
F,131,103,40,298.8,81,12
F,132,105,32,255.4,78.8,13
F,132,105,36,319.3,72.1,10
F,133,102,35,276.1,65,10
I,134,97,35,251.3,77.2,9
F,134,105,38,305.4,88,12
M,134,105,34,280.1,77.4,9
M,134,105,39,288.1,85,9
M,134,108,35,296.4,73,10
M,136,103,32,246.9,65,11
F,136,101,34,268.7,71,12
M,137,101,38,306.6,82,10
M,138,103,36,368.9,68.2,13
M,143,110,35,365,88,11
M,144,116,38,417.7,106.1,13
M,147,118,41,417.4,125,12
M,149,115,40,376.8,99,12
I,64,43,19,61,17.7,6
I,86,69,23,85.9,21.8,8
I,86,66,20,89.8,19.4,6
M,97,73,31,205.8,62.6,8
M,98,71,31,196.2,50.1,8
I,100,74,23,114.9,28.2,7
F,101,76,26,138.6,30.3,8
F,102,74,42,236.6,68.6,9
F,105,82,27,158.1,35.4,8
F,107,80,30,244.8,57.5,10
I,107,80,27,155,41.1,8
M,107,81,35,254.1,67.4,13
M,111,81,38,281.2,77.8,10
M,111,85,30,174.6,39.3,9
M,112,85,27,188.3,39.5,9
F,118,88,28,201.4,58.5,9
M,119,97,30,216.7,55.2,8
I,119,86,33,196.9,54.5,8
F,119,86,42,304.9,82,11
M,122,95,35,204.8,64.4,9
M,122,97,34,256.2,66,9
F,124,100,34,229.6,66.3,10
F,125,98,22,227.2,58.5,9
F,127,102,34,244.7,70.8,9
F,127,105,36,273.9,72.6,11
M,128,97,32,201.2,56.7,9
M,128,99,33,261.4,53.2,11
M,129,101,37,292.6,83.2,10
F,131,101,35,258.1,65.2,10
F,134,103,34,285.3,74,11
M,136,108,42,357.7,87.4,13
M,140,109,37,322.7,73.7,11
M,146,117,45,446.1,112.6,14
F,150,123,41,452.7,145.2,12
I,51,37,13,14.8,4,4
I,75,52,16,41.5,14,6
I,75,57,18,47.4,16,8
I,78,60,20,53.3,16.8,7
I,78,56,18,43,15.8,8
I,79,60,18,50.6,15,6
I,84,64,22,61.8,18.9,6
I,87,67,21,70.7,22.7,7
I,87,65,21,67,23,8
I,88,64,21,77.5,24,9
I,90,66,23,73,24.9,8
I,90,68,25,80.9,26.9,8
I,91,71,21,74.4,27,9
I,92,74,22,79.3,29.1,8
I,94,75,25,104.5,32.4,8
I,95,75,22,91.2,32,9
I,99,66,20,88,30,7
I,99,75,23,101.4,30,8
I,100,76,27,105.7,41.8,8
I,103,77,25,114.4,33,7
I,104,82,28,132.5,39.2,11
I,104,79,23,128.9,37.2,11
I,105,80,22,125.5,36,8
I,107,84,29,137.7,47.4,9
M,107,82,24,136.7,31.8,8
M,108,84,38,137.1,76,10
I,110,81,30,135.1,42,10
I,110,89,29,156.6,53,11
M,112,90,29,178.8,52.8,9
I,113,88,27,153.6,49.5,9
M,114,90,29,190,56.9,10
F,114,94,28,174.2,46.3,10
M,115,94,30,195.7,55.2,9
I,115,86,26,148.5,44,8
M,115,89,28,147.4,47.4,10
I,115,89,32,183.5,48,9
F,116,87,31,175.7,48.5,10
M,117,90,35,225.5,67,11
M,118,87,33,195.3,47,9
I,118,94,29,194.8,57.8,8
M,118,81,30,170.6,49,9
M,119,94,35,198.2,100,12
M,119,96,28,182.5,57.8,9
F,119,92,32,184.2,57.5,9
F,120,90,28,173.8,58.2,11
M,120,90,30,173.3,51,12
F,122,99,32,217.8,76.8,11
M,123,97,43,192.3,58,11
M,123,98,34,229,68.6,13
I,124,95,32,181.4,61.5,11
F,125,103,31,232.7,71,11
M,126,103,35,239.1,74,11
M,126,99,36,262,93.9,10
F,127,101,33,250.2,76.5,11
F,127,98,31,229,63.1,9
M,127,100,36,230.8,77.4,9
F,128,97,29,226.7,60.3,11
F,128,100,30,240.3,67.1,9
M,130,101,34,311.9,79,11
M,130,102,35,263.3,72.8,12
M,131,108,33,280.6,84,11
F,131,98,32,240.8,64.5,9
F,131,91,34,257.9,68.3,11
F,132,106,36,303.5,80.2,10
M,133,105,31,271.5,89.7,10
M,135,104,29,272.9,77,11
F,136,104,37,298.8,81.2,11
F,136,112,39,332.8,109,11
M,137,102,33,309,81.1,10
F,139,107,40,317.1,94.2,11
F,140,111,44,333.2,91,11
M,142,112,35,344.8,92.5,13
F,146,110,41,381.6,119.3,14
F,151,115,40,414.6,96,11
I,45,34,10,10.3,3.4,4
I,46,34,10,11.4,3.2,5
I,51,37,12,18.5,5,6
I,71,54,15,40.8,11.9,7
I,85,62,19,61.5,18.6,7
I,85,64,17,52.4,14.5,8
M,91,70,22,91.6,26.1,8
M,92,71,28,98.2,34.8,10
M,99,76,24,94.8,30.9,10
M,102,79,25,116.1,37.6,11
F,104,86,30,145.6,47,11
M,105,80,26,124.4,36.8,9
M,106,83,24,141.2,26.9,9
F,106,79,23,113.7,32.2,9
M,109,87,29,187.7,69,11
F,110,86,30,131,44.2,8
M,115,96,30,189.3,50.1,9
M,116,86,25,182.3,24.2,10
M,119,91,29,188.4,55.4,11
M,120,93,36,238.6,61.1,8
M,129,100,36,292.2,87.8,11
M,132,105,40,297.8,84.2,10
I,58,43,12,22.3,6.4,5
I,60,44,13,24.7,6.3,5
I,74,55,20,56.3,13.6,5
I,75,57,16,45.2,14.5,7
I,76,58,17,45.7,15,7
I,79,60,24,59.9,17.9,8
I,82,65,21,72.2,20.6,8
I,83,64,23,60.9,18.8,7
I,85,65,21,79.5,23.5,7
I,88,68,20,75.8,20.2,7
I,88,68,24,99.9,23.7,6
M,93,81,27,155.5,29.1,10
F,94,72,20,94.1,27.7,8
M,102,83,29,150.2,40.6,8
F,105,80,27,142.8,41.6,10
F,105,80,26,139.9,44.6,9
F,110,85,28,190.4,43.7,7
M,112,84,30,175.1,46.3,8
M,115,90,27,184.3,47.3,9
F,115,90,27,165.7,47.2,10
M,117,92,30,241.2,64.6,10
M,123,99,31,257.3,64.9,11
F,124,97,31,238.9,70.4,9
F,126,99,38,233.1,32.5,10
F,126,98,34,243.1,62.1,10
M,134,103,33,234.7,63.2,11
M,135,101,32,306.4,76.3,11
F,137,106,34,302.1,74.5,10
F,97,78,20,111.3,37,9
M,92,72,25,109.4,38,8
M,92,70,25,103.3,37,9
M,107,84,25,152.8,53,11
M,93,72,21,97.6,38,10
M,102,80,28,138.1,46,10
I,67,52,18,36.7,13,11
M,110,85,32,194,96,20
I,36,27,16,6.6,2,5
I,43,33,11,11.8,3.7,5
I,40,30,8,9.2,1.3,4
F,125,96,40,264.7,71,9
M,110,84,34,169.3,49,13
M,117,90,30,209.4,63,14
F,129,100,36,255.7,69,13
F,142,106,39,374.9,137.1,12
F,140,108,43,395.6,142,24
F,131,101,33,273.4,79.2,10
F,133,100,35,348.4,145,21
F,94,75,21,102.6,26,11
M,85,67,20,81.7,27,9
M,108,82,26,112,35,7
M,101,79,25,127,35,9
M,107,88,33,175,60,10
F,86,70,18,79.4,24,9
M,110,87,22,161.2,43,9
F,68,51,17,40.8,10,6
I,55,40,13,23.3,7,7
F,67,44,14,34,10,6
M,128,98,28,238.8,75,15
F,110,88,25,153,49,9
F,128,95,38,230.2,76.1,13
F,109,82,23,135.3,44,9
F,128,108,35,314.2,95,18
M,121,98,31,230.6,59,15
M,121,94,23,222.8,62,15
M,112,90,31,182.5,70,10
F,114,93,31,174.4,57,14
M,105,81,32,158.4,56,13
F,101,81,36,121.2,36,11
M,70,53,18,45.3,13,6
M,90,71,24,79.1,29,9
I,102,81,24,122,47,11
F,98,76,26,107.8,33,12
F,101,82,27,131.4,39,15
M,76,60,20,50.1,15.5,8
I,54,39,14,20.4,6.8,8
F,74,59,20,53.7,16.7,7
M,100,77,27,110.2,41.2,11
M,129,101,33,261.4,104,10
M,113,88,23,183.7,58,11
F,134,109,35,341.4,115,13
F,118,83,30,176.1,47,11
F,94,72,22,99.3,26,6
F,102,77,27,126.4,34,8
M,144,115,46,453.9,133,16
M,110,81,30,184.7,48,7
I,40,29,5,6.9,2,5
M,130,103,36,266.3,81,13
F,105,81,23,144,40,14
M,113,87,37,206.4,62,20
F,122,94,32,203.4,64,12
F,109,81,35,196,76,18
I,65,49,15,29.9,9,5
I,62,47,15,30.3,10,7
M,90,67,28,95.6,32,11
F,98,76,31,115.6,36,9
F,101,81,32,136.7,43,10
F,77,60,20,54.5,16,6
F,124,97,44,302.2,102,17
F,127,101,37,260.7,82,17
F,133,106,37,279.1,98,15
M,67,53,19,39.5,14,9
I,59,43,15,23.2,8,8
I,96,76,25,104.6,35,15
I,64,50,16,31.3,12,9
I,86,68,25,76.8,29.2,14
M,113,90,28,201.1,53,12
F,120,96,33,226.9,67,10
F,117,92,34,216.7,65,14
F,111,84,28,173.6,42,13
F,114,99,32,218.3,63,14
F,124,97,35,254.2,74,11
M,126,102,38,299.7,109,16
M,85,68,24,77.6,25,10
F,128,101,38,247.1,73,14
M,135,105,35,280.4,93,16
M,100,80,29,120.5,42,11
M,77,61,18,55.5,20,9
M,104,87,39,194.6,71,18
M,104,83,35,150.6,51,8
M,128,105,40,275.3,94,16
I,88,70,24,75,23,9
F,84,64,26,82.7,23.8,10
F,90,70,27,112,29,13
I,84,65,25,78.3,23,9
F,128,101,38,255.3,80,12
M,114,91,30,192,55,11
M,82,65,24,74.9,25,12
M,97,82,30,139.2,53,13
F,122,96,38,259.1,73,12
F,118,97,41,246.3,84,13
M,133,107,31,276.6,97,14
I,69,57,20,44.5,15,8
M,127,102,31,231.2,63,18
M,139,106,30,295.4,86,14
F,138,108,37,314.3,94,15
M,111,87,27,171.6,58,15
M,130,105,38,299.9,79,14
M,127,96,38,293.4,84,15
F,131,102,32,218.4,74,14
F,138,111,41,363.3,103,19
F,139,110,32,327.3,88,13
M,110,87,32,181.2,59,13
F,122,99,38,242.6,73,15
M,119,100,33,212,55,11
M,60,48,18,32.2,10,6
F,87,70,25,91.8,29,9
I,91,75,25,106.6,37,8
M,96,76,26,123.5,35,12
I,86,70,21,73.2,22,6
F,87,70,21,83.9,26,7
I,60,46,15,30,9,5
F,115,96,30,174.9,58,12
M,101,77,22,131,37,9
M,91,75,25,96.8,33,7
M,128,101,33,288.7,78,18
F,112,87,25,175.5,58,13
F,129,104,38,262.1,74,12
F,119,97,29,250.3,66,14
M,113,90,23,181.7,58,17
F,131,100,28,234.1,57,12
M,96,76,27,105.6,32,14
F,99,77,27,132.5,37,11
F,80,67,23,86.7,24,10
M,82,62,25,71.9,23,11
F,119,93,29,221.4,62,12
F,125,95,26,171.9,48,13
M,104,85,31,154.7,51,17
M,93,72,25,87.3,29,11
F,95,75,28,100.2,35,13
F,100,81,28,134.7,50,18
M,92,71,22,83,26,12
M,97,77,25,95.5,34,12
F,93,78,28,111.1,43,15
M,105,83,32,128.9,44,12
F,131,106,38,285.6,113,18
M,138,108,37,323.9,111,24
M,110,90,34,162,44,11
F,116,95,33,207.7,61,13
F,118,95,31,194.3,56,11
M,113,88,31,173.6,52,11
F,133,114,37,304.4,81,13
F,124,102,35,225.1,63,14
M,110,92,26,141.7,41,12
F,121,95,29,203.7,54,15
M,107,84,32,144,45,15
F,102,79,24,123.5,38.6,12
M,106,81,26,147.6,38.6,9
F,99,75,30,119.4,35.6,11
M,115,91,37,231.2,59,13
F,126,100,32,244,69,14
M,118,90,24,149.7,44,14
F,121,97,33,214.7,66,14
M,129,100,38,245.8,79,17
F,124,100,35,229.2,78,13
M,121,97,35,229,81,16
F,123,100,41,221.1,78,16
F,132,105,38,334,98,11
F,142,115,35,311,104,15
F,113,90,37,185.7,53,12
F,114,87,28,161.7,44,16
I,120,89,35,211.4,71,16
I,82,60,23,51.9,16,10
F,90,65,27,87.6,22,9
M,55,40,16,19.8,6,5
I,97,71,24,101.7,27,9
F,124,97,33,233.2,71,13
F,96,76,27,101.4,31,12
F,101,82,30,126.9,43,17
M,80,62,22,62.8,20,11
I,90,71,23,87.7,22.5,11
M,70,52,18,39,13.1,9
M,88,70,28,90.2,36.8,16
M,53,40,13,16.8,6,7
M,33,25,8,4.9,1.6,4
F,141,111,40,293.7,104,19
F,107,85,31,155.3,50,16
I,98,77,28,108.5,35,11
F,96,74,26,117.7,31.9,15
F,79,60,21,67.5,19.6,12
I,75,56,20,51.3,14.5,12
M,69,53,18,32.6,9.7,10
I,110,83,27,161.9,56,12
I,127,96,40,273.1,85,16
I,115,95,34,193.4,55,13
F,109,87,30,137.1,45,10
F,77,61,25,62.8,16,10
F,102,68,36,140.1,40,11
I,88,68,25,97.9,40,13
I,90,72,25,90,29,12
I,78,60,21,51.8,17,8
F,85,65,27,76.4,28,12
F,90,70,25,88.7,29,11
I,132,105,36,338.7,84,15
F,137,105,35,342,116,16
F,117,95,37,171.5,55,12
I,108,87,29,194,52.8,17
F,98,78,27,118,36.9,12
M,86,66,19,68,22.4,14
F,91,73,22,77,26.9,13
I,99,76,29,103,42.4,13
F,96,76,29,118,46,12
I,94,80,32,102,39.6,14
M,83,64,20,60.1,20.8,11
I,98,77,23,136.6,33,13
I,94,75,21,93.6,34,10
I,89,69,26,81.5,36,11
F,102,76,26,116.8,37,13
F,104,81,29,165.8,41,15
I,95,73,28,90.9,31.6,8
F,91,72,22,87.7,25,10
I,87,68,22,81.4,26,10
I,78,60,20,61.7,17,6
I,75,57,20,47.8,14,8
M,57,43,15,21.2,7,5
I,116,89,34,235.6,63,20
F,116,88,35,214.6,67,19
M,82,63,19,61.2,18,9
M,82,60,20,60.2,18,9
I,108,81,30,151.7,38,10
M,66,49,17,34.2,11,11
I,88,62,23,72.5,24,11
M,56,42,13,18.1,6,5
I,118,93,39,217.7,75,17
I,122,96,33,219.4,67,13
I,122,92,34,255.6,74,17
M,91,69,25,88,27,12
M,66,47,18,32.6,11,10
I,88,66,27,104.4,39,16
M,108,81,31,194.3,58,19
F,95,75,25,117.6,31,10
F,92,66,30,106.5,25,10
I,62,47,18,25.4,8,6
I,51,38,14,16.3,6.2,5
M,67,51,15,32.7,11.4,8
I,59,42,16,20,6.2,8
I,38,26,9,5.3,1.8,5
M,109,87,33,199.1,65,19
M,99,80,24,132.1,38,15
M,100,75,26,144.2,44,14
F,61,45,14,29.7,9,7
F,95,70,23,97.4,25,13
M,103,80,25,191,52,13
M,109,82,29,174.6,62,18
M,148,107,37,330,67,13
M,113,93,30,225.7,66,16
M,112,88,32,222.3,52,10
M,109,84,25,194.9,61,13
M,129,103,37,292.1,82,19
M,115,87,26,202.1,64,10
M,124,96,32,215.3,60,13
F,121,90,33,244.5,77,13
M,121,95,32,323.2,68,18
F,95,75,30,111.8,38.9,12
M,73,57,17,44.1,14,9
F,92,70,23,88,26,8
M,106,86,27,175.8,50,10
M,96,79,30,136.3,49.9,18
M,91,69,30,115.9,43,13
I,70,53,22,41.8,15,9
M,74,56,21,44.8,15,8
I,68,50,15,35.3,10,7
I,70,56,15,39.2,12.8,8
I,70,53,16,38.4,10.6,6
I,78,63,18,61.9,18,7
I,79,62,19,62.6,18.6,7
I,83,62,21,71.9,18.3,6
I,86,64,20,77.1,20,7
I,96,71,23,115.7,36.8,8
M,98,79,24,134.8,37,9
F,98,74,21,105.3,29.6,7
F,112,93,32,206.3,67.4,9
M,112,90,28,180,43.6,7
M,116,92,30,203.3,53,9
F,116,96,36,249.9,74.2,8
M,118,94,27,233.7,56,8
F,119,95,33,229.6,74,10
M,120,95,30,217.8,58.4,11
M,122,94,31,206.5,55.7,9
F,126,95,30,234.4,63.2,11
M,128,102,34,274.3,81.8,10
F,130,109,37,301.1,86,10
M,142,110,40,380.9,100,13
M,148,121,40,498.5,104.7,13
I,50,36,13,16.1,4.3,4
I,56,42,13,22.2,6,6
I,65,48,15,30.4,9,6
I,70,53,19,39.8,12,5
I,72,54,18,43.8,13,6
I,73,54,21,43.1,12.6,6
I,74,56,18,51.3,12.9,6
I,75,57,18,51.4,15,7
I,76,55,19,50.1,15,6
I,79,60,18,55.8,15,8
I,86,67,21,75.6,18,6
I,88,70,25,91.2,26.2,8
I,93,74,20,101.1,28,7
F,93,71,23,94.1,25.2,7
M,96,74,26,128.6,27,8
I,97,74,20,102.6,26,7
F,98,80,23,113.8,29,9
I,99,80,29,115.6,32.9,8
I,100,77,22,119.2,30.2,8
F,101,78,24,114.5,29.2,8
M,104,78,24,128.7,32.2,7
M,104,79,25,162.3,40,7
F,105,88,25,142.3,38.3,7
M,110,88,31,183.1,50,8
F,111,88,29,176.3,43.1,8
F,111,84,22,186.2,45,8
F,115,92,33,213,56.3,8
M,120,95,31,227.7,62,9
F,122,96,32,246.8,63,12
F,122,99,35,252.7,69.1,10
F,122,94,32,214.9,58,8
M,123,101,38,280.6,73,8
M,124,97,33,226.5,56.5,9
F,125,99,32,222.3,69,11
F,125,94,34,251,81,10
M,125,97,34,287.4,95,11
M,127,99,31,272.7,59,10
F,128,96,39,228.7,70.6,9
M,128,100,34,290.9,70.8,9
M,132,105,36,295.6,74.4,10
F,133,104,33,337.7,85.3,11
F,143,117,46,414.5,113,10
M,144,113,40,357.4,105.8,11
F,145,116,37,304.6,87.5,9
I,33,24,10,4.2,2.8,3
I,42,30,11,9.1,2.6,4
I,71,53,17,48.7,12,6
I,80,63,17,53.5,15.3,6
I,80,58,20,51.6,16.3,7
I,80,60,22,59.7,15,6
I,87,67,22,82.2,20,7
I,88,66,22,76,18,7
I,90,68,21,87.7,24,8
I,93,69,21,80.3,21.8,6
I,94,71,29,89.7,24.6,7
I,94,71,23,83.1,27.8,7
I,95,84,32,141.9,36.9,8
I,97,74,23,127.4,25.6,7
F,101,95,32,223.1,61.3,8
I,102,81,26,119.8,29.7,8
I,104,76,26,106.9,30.7,8
F,106,84,28,125.4,36.6,8
M,107,84,32,149.3,43.7,10
M,110,88,32,197,54,8
M,111,88,29,170,46,8
M,111,88,30,167.6,46,8
F,111,86,27,162.4,44.3,9
M,112,83,26,152.3,39.1,8
M,115,88,29,174,45,8
F,117,90,29,196.7,44,9
M,118,92,29,185.8,51,10
F,119,94,33,203.1,57.8,9
M,120,82,29,187.8,53.6,8
M,120,95,32,232.8,67,12
M,122,94,35,242.8,65,10
F,123,98,38,226.9,69.6,11
F,124,102,36,246.6,64.4,10
M,125,99,36,216.3,62.7,10
M,125,94,35,235.8,54.2,9
F,128,100,33,232.7,64,11
F,128,95,35,230.9,57.6,9
F,129,104,35,266.9,71,10
M,130,101,36,293.8,76,9
M,131,104,36,298.4,71,11
F,131,108,35,311.7,77,11
F,132,100,35,265.5,81.7,9
M,134,105,36,332.3,86,10
F,138,105,38,298.4,84,12
F,140,115,40,347.3,92.2,11
F,140,112,35,332.1,79.6,11
M,142,114,39,269.6,90.7,11
M,143,109,36,348.1,89.8,10
F,144,109,37,343.7,93.6,11
I,43,30,11,8.2,2.5,3
I,48,37,12,13.1,4,4
I,52,41,14,19.4,6.1,4
I,64,48,17,26.2,7.6,6
I,66,46,17,33.9,10.1,6
I,67,52,17,38.4,10.8,6
I,70,52,18,35.3,11.5,7
I,70,53,17,34.7,11.2,6
I,72,53,15,35.7,10.8,6
I,72,53,18,41.1,11.7,7
I,73,55,18,46.9,12.5,7
I,76,57,18,46.1,15.5,7
I,80,62,23,62.8,17.4,6
I,80,63,18,66,16,6
I,80,53,20,55.5,16,9
I,85,65,22,81,21.3,8
I,86,65,21,61.8,19.6,6
M,87,67,22,87.7,26.3,7
I,87,68,24,79.2,25,8
I,89,71,19,72.3,24,8
I,90,70,22,102.8,28,8
I,91,87,22,85.3,24.1,8
I,92,68,18,76.8,22,8
I,95,71,25,97.3,28.4,9
I,95,72,27,87.1,25,8
I,95,70,23,99.6,28,7
I,96,71,25,98.8,30,9
F,99,74,24,118.8,27.5,7
I,100,73,25,105.6,32.9,9
M,101,78,23,111.7,30.7,8
I,103,80,27,127.2,37.1,9
I,105,78,21,113.4,32,8
I,106,81,26,132.3,38,9
I,106,84,26,131.6,39.6,8
M,107,83,27,156,47.3,8
I,107,82,26,121.5,39.5,9
I,108,82,27,140.5,40,8
I,110,85,31,174.5,48.5,10
F,113,90,35,247.3,61.6,10
M,114,94,31,237.2,55.4,10
I,114,84,26,154.9,47.3,9
F,114,84,32,177.5,44.6,8
I,115,91,31,174.5,57,8
I,115,88,25,170.3,39.3,9
F,115,95,32,179,54.2,9
M,115,90,31,177.2,51.5,9
I,116,92,28,185.3,54,10
I,116,92,28,165.9,47.6,10
I,116,94,30,181.4,48.9,11
M,116,94,33,208.2,55.8,9
F,117,93,33,187.1,51.8,9
F,117,92,33,211.6,58.8,9
F,119,93,29,159.1,48.5,10
F,120,94,34,216.1,64.1,9
M,120,94,30,185.6,55,8
F,120,95,31,211.8,78,11
M,120,95,46,231.4,72,11
F,120,95,34,217.6,62,10
F,120,97,29,155.2,47.8,9
F,124,96,33,208.6,62,10
M,125,96,32,228.3,58,9
F,125,95,32,266.7,63.8,10
F,125,100,35,254.6,74.8,9
M,125,98,33,236.7,78,11
M,125,97,32,242.7,60.4,9
I,126,93,30,206.3,65,11
M,127,99,34,273.9,73,10
M,130,103,37,274.9,73.8,12
M,130,103,36,292.6,82.3,11
F,130,104,39,325.5,86.4,11
F,130,95,33,277.5,61.9,9
M,131,105,32,292,81,11
F,131,106,33,256.7,80,8
F,132,100,31,275.3,67,12
M,132,103,40,329.3,80.2,11
M,135,103,29,253,65,10
M,137,106,34,312,93,11
M,143,104,36,320,89,12
M,147,111,44,466.6,123.9,12
I,35,25,8,5.6,1.8,4
I,74,57,19,45.2,13.5,8
I,79,60,18,57.1,15.4,5
I,84,65,22,65,20.5,7
I,91,74,22,102.8,25.2,8
I,99,75,23,115.1,27.9,8
F,102,75,22,116.1,29.6,7
M,103,78,28,135.6,23.8,8
M,109,86,31,160.7,45.6,7
F,111,81,24,182.6,41.3,9
M,116,90,32,173.5,43,9
F,118,93,34,208.5,54,10
M,120,92,36,228,73,10
F,122,98,34,269.5,60.9,11
M,123,95,31,214.7,62,11
M,123,95,38,286.7,65.7,9
M,123,99,40,260.8,74.2,14
M,124,92,32,190.1,45.6,9
M,126,103,34,277,76,11
F,128,100,34,224,64,12
F,128,100,34,252.9,63,9
F,131,91,34,255,66.6,8
M,131,101,33,254,67,10
M,132,106,35,316.6,81,10
F,133,100,35,287.1,74,9
F,134,105,39,284,78.1,10
M,138,106,38,319.1,96,10
M,143,105,40,378,86.1,10
F,147,113,45,407.4,113.5,13
I,54,41,10,16.8,5.8,6
I,57,45,14,20.1,7,7
I,59,44,17,25.7,7.3,5
I,60,45,15,26.9,8.8,5
I,60,44,13,23.9,7,5
I,72,53,17,37.9,11,6
I,74,55,19,51.4,16.5,6
I,78,58,18,54.9,15.6,8
I,87,65,20,68.4,21,6
I,88,68,21,68.8,25,8
I,88,64,19,65.5,20,8
I,89,69,24,80.7,26,7
I,93,74,23,81.5,29.1,9
I,93,71,24,99.5,28,8
I,94,69,24,73.7,25,8
I,95,73,21,83.5,25.4,7
I,95,67,20,88.5,27,9
I,95,70,25,84.5,27.1,9
I,97,73,25,85.2,30.2,8
I,98,78,24,102.2,34.9,9
I,103,81,26,114.6,39,9
I,104,83,28,127.7,34.2,8
I,105,81,25,131.4,33.6,10
F,105,85,28,174.7,44.5,10
I,106,85,26,156.2,43,9
I,106,84,28,135.3,41.6,9
M,106,82,25,153.8,43,9
I,106,79,25,124.7,39,11
M,107,81,28,146.3,38,7
I,107,90,31,161.5,51.9,10
M,109,82,28,147.4,42.4,9
F,109,82,25,130.8,41,10
I,110,83,30,158.3,47.2,10
I,110,90,28,150.6,48,8
I,110,80,27,143.4,44.2,9
I,111,86,30,156.6,49.4,9
I,115,90,29,174.4,43.4,9
I,115,88,30,196.6,47.8,8
F,117,84,31,206.8,64,11
F,117,93,29,197.1,56.9,10
I,117,92,28,152.7,53,9
M,118,93,27,197.9,56,8
I,119,94,27,187.3,57.4,10
F,119,88,27,192.8,51.5,10
F,119,92,31,209.1,61.7,10
F,119,90,33,216.2,55.8,12
M,120,94,32,202.4,61,10
F,120,100,32,224.4,61.8,10
M,121,98,33,224.9,71.1,11
F,121,98,30,226.9,70,10
M,122,90,38,216.1,58.7,10
F,122,99,33,216.7,63.4,9
M,123,94,35,248.4,63.4,11
M,124,100,36,278.3,66.4,11
M,124,105,31,217,70,10
I,124,94,31,193.2,56.8,11
M,124,96,33,217.1,61,10
F,125,97,27,260.5,72.1,14
I,125,97,32,230,66.3,11
I,126,98,34,243.4,62,11
F,126,101,39,261.2,75,9
M,128,100,35,254.6,81,13
M,129,102,38,297.3,85,12
M,130,104,34,273.1,72,11
M,130,99,34,255.2,79.8,11
M,130,99,32,241.5,64,10
F,130,104,39,256.2,76.5,10
M,130,105,41,285.5,87.1,13
M,130,102,35,231,77,12
F,130,102,35,270,77.7,10
M,130,105,38,273.7,80,11
F,132,106,34,286.2,79.6,10
M,132,102,36,252.2,67.8,10
F,133,108,39,352.8,94,11
F,134,102,31,255.6,71.6,11
M,134,108,39,243.4,66.3,11
F,134,108,40,292,83.3,9
F,135,107,37,311.5,80,11
M,135,102,34,305.4,68.2,11
F,135,106,39,299.7,85,9
M,137,110,38,377,97.9,10
M,137,107,35,286.4,92,11
M,141,110,42,287.7,92.4,11
F,141,106,34,312.8,88,10
M,142,111,35,428,86.8,11
F,145,112,37,358.4,87,11
M,156,120,42,509.6,134.9,11
I,47,26,15,31.7,9.3,5
I,70,50,20,80.3,25.1,7
I,72,50,23,93,25.6,7
I,76,56,19,57.7,13.4,7
F,76,64,23,129.5,32.8,7
M,86,62,26,129.7,36.8,9
I,93,72,21,90.4,20.7,9
I,94,71,24,98.3,26.5,9
F,97,73,30,182.9,54.6,7
M,99,75,31,195.2,49.5,9
I,100,79,29,157.3,49.1,8
M,101,80,30,155,37,7
I,102,75,30,168.3,51,10
M,102,76,27,136.2,34,9
M,103,74,23,122.9,29.2,9
F,110,83,36,233.1,62.2,9
F,115,84,38,352.8,81.9,10
M,121,91,32,224.3,54.2,10
M,123,101,33,233.4,69,10
M,123,95,30,207.5,56.6,9
M,125,96,36,244.6,67.5,10
M,125,94,30,224.8,57.4,9
F,127,101,34,252.7,71,9
F,130,105,33,247.6,60.1,9
F,130,100,34,280.9,64.7,11
F,134,105,39,274,81.4,12
F,139,105,41,363.7,90.5,13
F,141,111,39,350.5,103.2,12
I,55,41,13,20.2,6.8,5
I,57,41,14,21.2,6.8,5
I,72,53,17,37.3,12.3,7
I,77,58,20,51.5,17.2,6
I,80,63,20,64.5,18.2,6
I,86,66,19,64,24.6,7
I,87,75,22,83.1,29,8
I,90,67,23,78.7,22,7
I,95,71,27,95.5,28.7,8
I,95,72,22,90.4,26,8
I,97,74,28,101.3,29.3,8
I,102,79,21,110.5,33,8
I,103,78,24,113,35.8,9
I,104,82,28,139.8,38.9,10
I,105,80,28,121.1,42,9
M,106,85,31,158.1,51.9,9
M,106,85,26,140.4,44,9
M,106,84,27,135,36.5,10
I,106,79,23,95,29.6,8
I,106,82,30,122.4,37.9,11
I,107,80,29,141,44,10
I,107,90,27,145.6,53,9
F,111,88,28,169.2,54.7,10
M,111,92,32,172,55,10
M,112,93,29,177.5,53.9,9
F,112,86,29,179.6,49,9
I,113,86,25,130.9,42,9
I,115,90,29,159,52,10
M,115,93,24,210.7,47,9
F,115,92,30,185.4,59.7,9
I,116,84,28,140.2,45.1,9
M,116,90,31,165.5,48.9,8
F,117,84,31,196.9,57.5,13
M,117,94,29,191.3,53,9
I,118,90,25,172,49,9
M,119,96,37,235.7,62.8,10
M,123,96,37,244.1,66,10
M,123,91,26,193.7,53.1,10
F,124,100,35,221.4,68.6,11
I,124,96,36,226.1,61.2,12
M,124,96,31,251.1,63.5,11
M,125,99,31,235.4,69,9
M,125,100,37,248.5,67,10
M,126,98,32,218,70.8,12
F,126,95,30,214.4,63,8
F,129,102,31,225.8,68.4,10
F,130,101,35,241.5,78,10
F,130,99,35,245.4,74,11
F,131,104,35,294.4,90,13
F,133,105,36,315.7,91.2,14
M,134,104,35,295.1,74.8,10
M,135,108,35,310.9,102.4,12
F,135,108,42,318.6,90,11
M,139,116,40,379.9,105.9,13
F,139,107,35,272.2,93,10
F,141,112,34,291.5,88,11
M,148,116,41,476.2,97.6,12
I,41,31,9,9.9,2.8,3
I,61,46,15,29.1,10,6
I,64,46,12,25.8,7.1,7
I,71,54,20,45.1,12.8,7
M,85,61,22,71.8,19.5,9
I,85,62,19,70.1,20,8
F,90,73,23,117.7,26.5,8
M,103,77,26,124.6,35,10
F,104,75,27,107.5,34,8
I,105,80,25,113.1,35,8
M,111,89,26,172.5,48,9
F,122,98,34,227.4,68.8,12
I,70,52,19,44.2,14,8
I,76,55,19,48.5,42,6
I,92,68,20,77.2,19.3,8
M,93,71,24,106.3,27.9,8
M,95,77,24,112.4,30.6,8
M,113,89,28,167.2,44.9,9
M,114,90,28,185.5,50.3,8
M,114,88,29,176.3,54.7,10
M,119,92,31,206,66.1,10
F,121,96,35,233.7,71.2,9
F,123,91,27,211.8,54.8,9
M,124,92,34,225.4,59.2,7
M,125,94,34,233.3,78.9,11
F,136,104,37,308.2,91.5,10
M,136,108,39,356.5,85.7,11
M,136,104,35,308.6,74.8,11
F,142,111,34,294,86.2,12
M,100,77,24,126.7,47,14
F,109,84,35,150.8,55,10
F,92,73,23,89.7,34,14
M,107,82,30,162.1,48,11
M,67,52,15,44,17,6
F,85,70,20,88.5,35,7
M,82,65,20,71.1,21,9
I,34,21,7,6.8,1,4
I,67,50,19,37,11,8
M,104,85,25,158,38,8
F,106,82,29,165.1,49,9
M,100,84,25,124,41,11
F,123,95,29,190.5,64,9
M,115,90,32,191,54,16
M,114,90,31,182,71,14
M,91,70,21,83.2,29,11
I,74,55,17,40.9,16,6
M,89,74,25,103,31.8,9
F,135,107,44,320.8,90.6,14
M,77,60,23,68.7,20.5,6
F,75,59,22,60.1,20.7,7
M,112,88,26,165.1,57,10
M,110,82,30,157,55,12
F,114,93,31,193.7,51,9
F,97,80,31,146.2,51,11
M,82,67,23,88.1,27,8
I,67,51,17,35.7,11,9
M,131,103,40,274.6,98,16
F,113,90,33,195.3,74,12
F,114,88,38,203.6,53,9
F,110,93,30,216.4,38,14
F,126,95,35,284.6,98,14
M,95,74,25,131,37,10
F,131,100,36,283.1,89,18
I,64,47,13,27.7,10,5
M,105,79,33,156.4,57,19
F,105,86,33,143.4,39,10
F,100,78,26,127.1,39,15
F,88,68,27,79.5,27,8
F,98,77,32,131.2,41,9
M,109,88,33,148.8,50,15
F,90,72,22,89.4,26,12
F,103,80,23,115.6,34,9
I,66,50,15,28.1,10,5
F,105,82,30,141.6,50,12
M,59,45,18,27.7,10,9
M,109,90,32,172.3,73,16
F,129,100,45,325.2,82,15
M,90,71,23,95.6,31,10
F,122,98,34,235.5,59,15
I,76,60,20,57.2,18,7
F,113,91,26,211.6,60,10
F,134,109,32,308.3,99,15
M,108,85,24,163.4,39,10
I,58,45,15,30.4,9,9
I,82,66,21,67,22,7
F,92,75,24,98.3,34,7
F,112,88,31,194.1,51,9
F,115,90,20,186.3,47,12
M,124,100,40,244.2,86,12
M,103,80,28,147.3,37,16
F,112,92,36,194,71,12
F,100,80,30,161.7,59,13
I,87,71,25,81.5,33,9
M,99,76,27,125.9,43,12
F,119,100,36,210.6,78,13
M,152,115,38,365.8,112,14
F,123,100,33,235.3,69,17
F,113,92,30,175.3,55,10
I,28,21,7,2.9,1,4
M,89,69,28,95.2,21.7,15
F,105,86,25,162.6,35.5,12
I,32,24,4,3.6,1,4
M,127,96,47,212.8,72,16
M,115,94,33,170.6,70,16
M,76,54,19,43.8,14,6
M,49,36,13,12.7,4,4
I,96,78,30,125.5,37,13
I,91,73,27,88.2,29,9
F,91,75,25,91.6,24,10
M,91,71,27,94.9,33.6,13
I,71,54,20,43.2,15,10
I,104,81,28,135.3,41,15
I,108,80,29,151.4,43,11
I,104,78,28,146.5,52,19
I,112,89,33,205.7,55,11
F,104,82,32,142.4,45,10
I,123,92,38,213.2,66,13
F,129,98,38,261.3,69,18
I,113,86,27,170.9,55,11
M,59,46,17,25,8.6,8
M,75,56,19,44.5,16,10
I,105,80,28,139.1,50.6,10
M,79,56,16,53.2,18,12
F,100,80,33,142.1,45,20
F,94,70,23,97.4,31,8
I,116,84,32,145.6,38,14
I,100,76,31,133.5,36,12
I,145,110,44,409.9,131,10
F,130,103,43,299.6,85,16
F,134,107,37,319.4,94,21
I,110,88,33,172.1,60,17
F,98,74,23,108.2,37,11
I,47,36,12,11.6,3.6,6
I,47,35,16,12.9,4.3,5
M,104,82,23,154,52,11
F,95,80,23,108.2,42,13
M,106,85,22,147.8,59,13
F,70,55,13,41,14,10
M,111,84,29,173.9,50,14
M,101,78,21,131.1,38,11
F,108,88,32,218.1,71,15
F,105,80,23,125.9,36,11
M,110,90,35,219.7,80,14
M,110,88,32,198.2,75,20
I,47,35,13,12.3,3.8,6
M,105,82,33,160.1,50,13
M,95,73,28,123.5,38,16
F,106,80,33,154.4,46,12
F,105,83,30,143.1,54,13
F,106,85,26,143.4,51,13
F,93,78,22,127.1,45,13
I,63,47,16,36,9.4,5
I,93,71,24,116.1,36.8,8
M,97,77,21,111.2,26.6,7
I,98,77,24,118.2,35.5,9
F,103,79,28,137.2,44,12
F,111,88,31,203.2,52.6,10
F,122,100,36,287.6,66.9,9
F,136,110,38,361.4,103,11
M,138,110,39,355.4,86.1,11
M,139,110,41,434.6,99.2,10
F,144,115,39,430.1,117,10
I,54,41,15,23.6,6.1,4
I,54,38,12,19.8,6,5
I,59,44,14,27.3,7,6
I,59,44,13,25.9,7,6
I,63,46,14,32.8,9,6
I,75,58,19,57.5,16,6
I,76,60,18,55.4,16.4,6
I,77,57,18,49.6,14,6
I,80,59,19,50.4,13.2,6
M,83,63,24,80.3,19.4,8
I,83,66,20,78.1,20.5,7
I,84,64,23,81.8,21,8
I,88,66,27,81.9,23.8,6
I,90,70,27,98.8,28.1,7
I,95,70,24,98.1,27,7
M,97,78,24,119.8,33.8,8
M,99,75,23,124.9,31,6
F,105,82,23,154.9,36,7
M,113,91,30,195.9,55,8
I,116,87,30,178.3,50.3,6
F,117,90,25,174.8,45,6
M,120,93,31,252.4,66,10
M,126,96,37,242,64.4,11
F,129,105,34,274,68,10
F,131,109,37,351.8,109.4,11
M,133,103,33,277.1,68.9,8
F,134,104,39,361.3,101.1,11
M,134,102,40,318.9,90.1,10
M,137,102,36,290.9,74.5,9
M,140,120,46,400.6,115.1,10
M,144,120,47,447.7,124.2,12
I,37,27,9,6.4,2,4
I,49,35,11,15.7,4,5
I,63,46,0,26.8,70.1,6
I,72,54,18,41.5,12.4,6
I,75,56,16,44.7,11,6
I,83,62,19,68,16.6,6
I,91,70,27,107.3,26.5,7
I,96,70,21,127,27,6
I,97,75,25,112.4,30.5,8
I,102,78,25,119.4,31.1,8
M,104,79,25,116.3,34,10
F,111,86,28,150.9,40.3,9
M,117,93,30,196,49.4,9
F,117,92,30,200.7,50.3,11
M,117,91,31,226.6,61,12
M,122,98,32,229.2,53,8
M,122,95,30,228.4,49,9
M,123,106,34,224,57.2,9
F,124,93,28,202.2,51,8
M,125,101,35,226.2,64.6,8
M,125,96,35,213,57,10
M,127,96,29,236.2,45,10
F,128,105,35,276.4,74,9
M,132,101,38,287.7,35.6,11
M,132,97,31,245.5,60,8
M,132,103,31,288.3,67,10
F,136,110,35,294.6,85.9,11
F,138,116,39,331.6,94.3,10
M,144,109,39,349.5,94.1,11
I,55,40,14,19.2,6,6
I,66,49,13,28.9,10.1,6
I,66,52,17,39.3,11,7
I,73,56,18,39.2,12.1,7
I,73,54,18,43.1,13.1,6
I,84,62,20,56.1,18.5,8
I,87,67,22,66.8,19.3,7
I,87,65,20,73.2,21.8,7
I,88,65,22,99.3,21.5,8
I,97,73,18,130.2,36,8
I,99,77,25,102.5,34.4,10
M,102,81,25,138.5,36.1,7
I,104,82,28,119.9,36.4,11
I,108,84,28,148,39.7,8
I,108,83,31,140.4,38,10
I,110,89,25,134.4,42,11
I,112,88,31,162.2,47,11
F,115,90,24,191.7,55,12
I,115,90,30,171.6,43,10
F,115,92,33,191.5,47.2,10
F,116,92,27,185.2,55,8
F,116,85,31,174.6,47.8,10
M,118,90,32,199.6,60.2,9
M,120,92,31,133.1,53.8,11
M,124,97,29,200.6,56,11
F,125,99,32,246.8,70,13
M,125,99,31,205,68,9
M,125,99,35,258.7,71,9
M,125,100,35,211.3,61,10
M,125,94,29,357.1,64.9,13
F,125,97,33,245.1,72,10
F,127,100,36,251.3,70,10
F,129,100,30,231.8,62,9
M,129,102,33,280.6,90.9,11
F,138,107,37,365.2,99.8,11
F,139,112,37,354.3,87.4,10
M,103,78,24,122.5,28.3,8
I,109,81,26,131.6,34.8,8
M,124,93,29,182.2,55.6,10
M,126,98,30,239.1,60,9
F,126,103,32,267.2,70,11
F,128,98,36,272,61,9
I,74,55,16,46.5,14.4,6
I,79,62,17,63.4,18.7,7
I,80,60,23,63.6,18.7,6
I,82,61,20,52.9,17,7
I,91,67,21,81.1,23.7,8
I,96,67,25,104.8,29,7
I,97,75,22,92.8,29.8,8
I,100,72,24,87.8,26.1,8
I,103,79,25,116.1,38,9
I,104,80,28,124.4,33.8,8
M,109,90,30,156.1,43.2,8
I,109,86,28,154.4,52.3,8
I,110,87,25,148.2,41.2,9
M,110,86,36,165.3,45,10
M,110,77,26,145.5,38,8
I,111,86,25,140.1,41.9,8
M,112,90,29,187.1,54.5,11
I,113,93,30,236.3,61.9,9
M,114,89,32,202.9,60,10
F,115,96,34,220,62,10
M,117,102,32,243.6,60,11
M,118,90,31,174.8,48,8
I,119,95,31,196.8,55.1,10
M,120,94,26,202.1,59.6,9
M,122,73,31,215.3,54,9
M,123,95,41,267.4,74,11
M,125,100,36,274.1,74.1,12
F,125,98,38,340.3,77.1,11
M,126,97,36,248.7,74,11
M,126,106,35,282.7,71.1,13
F,127,97,31,214.6,70,11
F,127,100,35,295.4,78,12
M,127,100,36,258.3,74,9
F,130,99,32,262.1,71,9
M,134,105,36,298.3,76.2,9
F,135,104,35,298.8,74,9
F,135,102,30,239.3,77.2,11
M,136,109,37,334.4,96,11
M,140,109,43,382.5,101.2,10
F,142,109,35,381.4,95,11
F,143,113,36,358,107.7,9
F,144,118,41,349.9,96,11
I,84,61,20,68.3,17.2,7
I,96,70,20,103.8,25.2,7
M,96,73,26,106.1,27.8,8
M,102,82,31,256.5,75.9,9
I,103,80,28,143.3,35.7,8
F,112,84,36,332.9,90.5,9
I,112,84,28,167.4,40,8
F,114,90,30,192.9,41.8,9
F,121,93,31,220,51.7,10
M,125,96,32,248.3,55.7,9
F,128,101,35,263.7,66.3,9
M,130,105,37,269.1,77.3,9
I,60,43,10,23.7,8.4,4
M,70,53,18,39.4,15.4,7
I,91,70,26,94.5,30,9
I,92,73,22,89.9,30,8
I,98,75,23,111.4,35.3,8
I,100,77,24,103.2,33,8
I,108,83,27,141.8,37,9
M,110,84,29,147.7,50.4,11
I,110,89,22,158.7,52,10
M,111,87,29,184.1,51,8
I,114,85,28,153.1,48,10
M,116,90,28,164.8,52.6,10
I,116,85,29,166,51.5,11
I,117,94,34,197,63,10
M,117,90,30,199.4,50.2,11
F,119,91,28,182.8,54.2,9
F,120,100,34,226,67,11
F,123,99,31,216.1,64,9
M,126,101,31,221,65,11
M,126,98,31,245.8,67,11
F,127,99,35,247.1,69.4,10
F,129,107,38,247.9,84.8,10
F,130,101,33,271.4,86,11
M,131,105,36,280.4,73,13
F,131,100,44,271.8,81,13
M,134,107,38,333.8,101.6,11
M,134,105,40,348.1,131.4,11
M,139,106,42,302,77,10
M,139,110,39,332.9,89,11
M,154,121,35,410.1,71,11
I,56,43,14,24.8,6,6
I,66,46,16,28,9.2,7
I,70,50,15,33.9,8.2,6
I,74,56,18,43.6,12.3,7
I,86,63,23,76.8,22,8
I,87,66,19,78.6,17.7,6
I,88,70,22,76.1,23,6
M,95,74,22,97.9,29.2,8
M,95,72,28,102.7,31,8
I,96,71,22,89.9,28,8
F,112,88,27,160.5,51.8,9
F,117,95,33,210.6,60,11
F,117,91,34,198.9,56.9,11
M,77,51,20,63.5,18.4,8
I,78,62,17,68.8,15.8,7
I,78,58,20,56.9,16.2,7
I,81,60,17,60.7,17.6,7
I,95,73,23,99.8,31.2,10
M,100,76,25,115.4,30.7,9
F,103,80,25,123,35.3,8
M,104,77,33,158.2,36.3,10
M,110,86,26,167.9,48.1,10
M,112,86,31,173.5,45.8,8
F,113,90,33,177.4,49.8,11
M,118,88,27,193.2,52.1,10
M,120,95,41,235.2,61.6,9
F,125,97,30,218.9,59.2,10
M,142,111,39,389.7,99,12
